MJD,score_err,PC1,PC2,PC3,PC4,PC5
49994.067,0.010700281303282893,0.2955920064631544,0.0078930388377535,-0.044570525804193725,-0.03397734215947151,-0.01279440446160453
49995.243,0.008551465301203903,0.31663274902580707,0.006852339285503092,-0.03303904532510203,-0.013437307836581164,-0.010772249669283558
50006.129,0.007415165184943111,0.3916919250462482,-0.1041959896686199,-0.045023026879271566,0.01841169757564326,-0.05353687144371308
50006.96,0.02653403649953932,0.39480036464714274,-0.11583601463645896,-0.03932789821287135,0.025246885427640302,-0.05738367476999081
50007.038,0.016882971727083616,0.3954412636512836,-0.11691707612698596,-0.03897344230328011,0.026062743457511483,-0.05771681615312192
50029.19,0.007856914425311948,0.36390468149103056,-0.15485718024089015,-0.021279806797483366,0.00020156732337033544,-0.06819264210390216
50029.994,0.011017982627056016,0.36532593303379385,-0.15910150264433692,-0.02556139861873402,0.0034547298872500765,-0.07084678259431999
50030.945,0.011457335747182992,0.361320580171947,-0.15603068254452349,-0.03388010990159221,0.020927132753277816,-0.06764566087201092
50032.07,0.008750552114096555,0.36209084027437954,-0.15162133236863887,-0.04531245019570329,0.016867910233506134,-0.06115239648767305
50032.875,0.05478843642945937,0.35726759413897774,-0.14717352338845596,-0.04740727708330682,0.025792799496009232,-0.05530712489495469
50033.966,0.02075848977399993,0.3520299695955298,-0.1442938303213029,-0.04769738537991854,0.03909735564678763,-0.047851867801578664
50034.328,0.008061992756991869,0.3495249362411072,-0.1427703566061467,-0.043549219181742364,0.04507793726546389,-0.04230640882118075
50035.982,0.021587404070037283,0.34029522403720885,-0.148752133098781,-0.0738195699291031,0.013920123657141,-0.03388824594182656
50036.375,0.010690720126201507,0.33790044384356094,-0.1491778344200862,-0.07960798794761047,0.003894326237203761,-0.03125249429958308
50058.155,0.010528817065042245,0.20350360661389585,-0.21588821585543974,0.025567929613344278,-0.056058871456480176,-0.01601647403164713
50084.995,0.011745947902893811,0.0057608777433542915,-0.026594345700636526,-0.08899640777305284,-0.06805856977581708,-0.012398941111214857
50086.098,0.010096310009256926,0.002067652249593239,-0.012577253572453546,-0.09948825289067852,-0.05498254454516679,-0.010104941456242427
50086.954,0.01339857130942177,-0.009055763365744849,-0.00789595348986128,-0.10488439336987192,-0.045141743380091644,-0.020635534481508743
50087.995,0.01164294473583526,-0.012091241503628038,0.004160582394139141,-0.12771867606995171,-0.03753790347281104,-0.044659195880289285
50088.833,0.013875008275772302,-0.0017027903596277625,0.0027581730742098735,-0.15373849139287019,-0.05103122798644268,-0.05840569600519947
50089.845,0.013122997463260594,0.004095918052072998,0.016186456499579935,-0.18532401223178163,-0.07485958141219916,-0.0852612556096137
50109.825,0.009157384146689937,-0.04626086738234615,0.03760635056163823,-0.05886106678542367,0.04980961423212782,0.0016371311959258558
50115.862,0.00895852103438791,-0.06466798694742024,0.06225128426272412,-0.1274864500454843,0.0332558748220313,-0.00042182591674365996
50119.732,0.009839254611797287,-0.07888121264875216,0.08166626254255964,-0.1679198049088513,0.0115249282907878,-0.015526214596841227
50120.943,0.00835011449062909,-0.08590108880302086,0.07854496313256355,-0.15676578672449107,0.015976846779186253,-0.018963312191973225
50135.751,0.012371851401914906,-0.06477540984898641,0.029670470699301697,-0.20371594031527027,-0.03657177101304075,-0.07289298717902234
50136.902,0.009148568523867468,-0.0681834497191034,0.029188204418923266,-0.20029731457999625,-0.031547540538818926,-0.07175996124758
50137.921,0.010367092415412104,-0.05521705348011097,0.03200018684023289,-0.18823184014062624,-0.0038937734140266347,-0.08375458726764363
50138.731,0.011369321843219307,-0.050121865942492794,0.02641759186763428,-0.18658785778817463,-0.01732248981987922,-0.10220132114146192
50185.795,0.007751900748213063,-0.06747672802209667,-0.02703581370458072,-0.047527043021671975,0.01054500678071485,0.0519314569942032
50206.726,0.009477181935647288,-0.047850102540461056,-0.08469960092463474,-0.028637432443368114,-0.006025614570444252,0.08293171784054862
50240.808,0.01475150628522387,-0.05030878730918967,-0.07161581282621743,-0.11864819382958687,0.06356874745251206,-0.0033093791624126522
50245.691,0.011469789856016042,-0.09341527881500145,-0.05586834201615775,-0.13462919052587272,-0.016215192042766207,-0.025183100803981125
50260.712,0.013410042790094289,-0.10431293982555696,-0.029951393379476547,0.020018274232917792,-0.004539192401824983,-0.047858134791290835
50264.543,0.002839467167435214,-0.11938997175670543,-0.03846048633200994,0.08489845044575699,0.048093218586424125,-0.008659961194624501
50268.747,0.023437153435854983,-0.08917529965688176,-0.08744993609213109,0.07900820729557848,0.05207496333561998,-0.0044709567903240075
50293.234,0.014214268797808235,-0.1414257584197926,-0.16241601242980538,-0.0675389916615804,-0.09211575143283837,0.041597799462984975
50298.309,0.013173443071550451,-0.1266006813805034,-0.16005896015080578,-0.029772832982444358,-0.06221005651390112,0.02221595581031719
50332.126,0.011667696048263551,0.1019167885120831,-0.1499176605357356,-0.049444163218164285,0.1688682748768672,0.10029429595820512
50338.391,0.015988750803917103,0.0747392295176138,-0.14929102579832199,-0.018773940696846396,0.08377726688861471,0.07577638323989273
50342.074,0.016878087649251784,0.059217027965079716,-0.13016462275014634,-0.049384735336854786,0.020720216639267805,0.09433206735741496
50344.216,0.010760714529952491,0.04132767248626665,-0.1359544272681629,-0.054829672276472945,0.014332658057757013,0.07789239010215739
50348.241,0.07684668177450045,-0.05022276369850219,-0.10057827056313595,-0.0121107444808378,0.018686181306448932,0.05727585331787415
50350.341,0.009645978698771346,-0.09408736084630488,-0.08252722536288487,0.012815127219196962,0.024822999459134076,0.04490678909761535
50355.226,0.008982375917153401,-0.16433145163365923,-0.07205232847176984,-0.029921746979990078,-0.053841280443627265,-0.007375040493596047
50381.192,0.011548245150805913,-0.12395108549892717,-0.20167945465592482,0.028753633014005422,-0.009474758149579845,-0.019321704279668995
50386.219,0.011179407190448873,-0.13468713282608258,-0.12704180694626133,0.006457403663143634,-0.013169002672594951,-0.0467208116759764
50387.392,0.012710191748356725,-0.11973112444239253,-0.10717135684415438,0.00271131641844767,-0.008808896566424602,-0.051248180221322624
50389.054,0.012886818782095808,-0.10763792346277962,-0.06621018540394666,-0.0025656896477367352,-0.01704292292907616,-0.06110319294154101
50391.078,0.011369775752576946,-0.08024484549495974,-0.03524178370980257,-0.014542193896257258,-0.0293576570349477,-0.06955343126753519
50394.032,0.010574283105831464,-0.047627268277817686,0.0061354596956652505,-0.03550347905840486,-0.028238604242330045,-0.12036709386410573
50396.09,0.01155269970933288,-0.059164098281959565,-0.023446329687654956,-0.06354874874989817,-0.06344172458581122,-0.09563936573995166
50398.117,0.01089055690705347,-0.07408334120569356,-0.04800098938867619,-0.07060319510934078,-0.05591294439464567,-0.10293396516536012
50400.071,0.010766804761432585,-0.07403768428282802,-0.059686014492628094,-0.07279066111101531,-0.006711841207647526,-0.09134187814799899
50402.169,0.007442012737290991,-0.093537718679391,-0.07431211407716148,-0.026604600517376762,0.019699307090821475,-0.06962798812820767
50404.178,0.009786094669727878,-0.1153126021673666,-0.07516138780879736,-0.026095875140131175,0.08221133778768076,-0.053266447969727695
50406.087,0.006747173686407651,-0.11333509959792586,-0.08912142450240365,-0.054846543022757425,0.10296348036718582,-0.052249826088106834
50408.098,0.008675083864955095,-0.08496997412171822,-0.08037129004314353,-0.07177949528642709,0.08765456538117568,-0.05698871777225306
50415.97,0.009302438821012343,-0.00395050588164707,-0.05786256313998361,-0.1392847283287345,0.11591021582116959,-0.011354211412681935
50418.091,0.007638312105654387,0.0026276886048898183,-0.05638021870304084,-0.16729242654855025,0.09319279477718963,-0.011248683619703194
50420.126,0.008512906679246628,-0.01782673667521657,-0.06933737879819155,-0.1395072722964796,0.0831303973367885,-0.0034744679975659653
50421.985,0.007845652084847827,-0.01709569462727864,-0.09350648758238023,-0.09544680662842948,0.04545910684662861,-0.004552200221922262
50451.952,0.009694376133838372,-0.05864530264865485,-0.17658410148768083,0.12804051494287658,0.010336152677426245,0.09847971787663234
50456.995,0.009609083684460779,-0.026694065865714958,-0.13560421905624698,0.08033290902044278,-0.0016112922530802142,0.10768330687016026
50459.012,0.009720779388386109,-0.03438597308932602,-0.12961459221561644,0.016932588840538096,0.023826640694373624,0.09131581209320716
50463.079,0.010207922003848652,-0.035802772565760976,-0.10699124595004864,0.006829657718648981,0.07925287318287344,0.06339037118995217
50466.816,0.007879311226651168,0.008941371516323827,-0.11423023756941572,0.03914409425267174,0.154365746505007,0.08094844417004803
50467.687,0.02201102861698633,0.008735910078435978,-0.1033553512799974,0.039827506039069725,0.1527399605421666,0.07415135506081343
50505.867,0.007604943652713635,0.06863551266343686,-0.026264495191769446,-0.004556672747966213,-0.0216501564809971,0.019823949653424267
50508.069,0.011048527110136248,0.06561206856349745,-0.03275876812269161,0.0007524932523435164,-0.009638018347969853,0.018509217720520936
50514.68,0.00850196908667839,0.01790158936337187,0.018715717629501742,-0.06516419007072508,-0.038308728501027185,-0.1193975481873278
50516.868,0.006308012402631124,-0.04042950737653865,0.030481567167622677,-0.0804502187710143,-0.004850675002136459,-0.1763730306817849
50536.623,0.011108967723136937,-0.024696972171430537,0.07343390238512179,-0.19754840862502634,0.007779409106118428,-0.15001504836945284
50581.762,0.006617663936486796,0.040546093673715033,-0.03390839450488566,-0.019636317917490577,-0.0008230299984309771,-0.03269766587779438
50594.596,0.002154277751199913,-0.024846139222857878,0.01365577001175684,-0.004727545828496302,-0.021170866975703563,-0.016520839189114917
50606.475,0.008622544821122258,-0.06167491212761067,0.03051912963290836,-0.05875836385888401,-0.08967669921030255,-0.019901286868573145
50610.76,0.008498144620945941,-0.08575436676198815,0.10495079367321292,-0.06549442892789749,-0.06463497321943647,-0.042199146828839
50639.698,0.007036053871360415,0.06874037314229603,0.5010903206711875,0.16991291927927904,-0.09345874985709675,-0.011091694045798494
50642.265,0.006215313764739249,0.08098610379342952,0.43426665855118224,0.18757159641272497,-0.09420390251309033,-0.0041840983725329895
50674.219,0.007565771998324898,0.015666964241222988,0.10485132808551859,-0.055669771380089016,0.11422005609554374,-0.03177485809480352
50675.344,0.007310690452975578,0.030259999976082728,0.08908082727972108,-0.05147610346894644,0.1285141231197719,-0.013948060908743917
50682.48,0.008217451033956059,0.11575390203334979,0.0045573839172165405,-0.005129254825059089,0.12521506861858248,0.05987026986391033
50684.416,0.00743766753248095,0.12134510050627888,0.019203595306056354,-0.015447475056767804,0.04349195622267365,0.044539705293814014
50686.41,0.005726126112008907,0.13503063137591828,0.05012714746715846,-0.01483089358409789,-0.007175725895754462,0.03158730892158848
50700.272,0.00925522463279338,0.21799197977617843,0.08229900369452821,0.05350623047489456,0.0913195601973025,0.017830893492142827
50711.443,0.010775148715750615,0.12240316799864048,0.034528874402664986,-0.03418074957162514,0.04183111748282114,0.08010611936746483
50713.182,0.008043587864537707,0.10389036125127551,0.02735234633766369,-0.06006143481734982,0.05600531722836777,0.0867486974829141
50717.25,0.010403065852225604,0.0954466581905678,0.08460487259226143,-0.08970177698072865,0.035298046076638244,0.04238694474026149
50719.394,0.008773897626645627,0.053645235427464924,0.1139662332765008,-0.14513801878099958,-0.032763975354084436,0.022235633482575796
50720.019,0.010700995104585026,0.04749201474865769,0.12981095695484182,-0.15932713004764046,-0.03401055392512552,0.02149574246864898
50721.182,0.0066701592000806996,0.06468018571227749,0.14679276889680687,-0.11547508136032433,-0.04031100129766092,-0.0004033376265805081
50723.515,0.01776555828041245,0.10727531317786536,0.05841865605404083,-0.053087437926594046,0.02549389849343118,0.01553241183398748
50724.398,0.00931082451006634,0.11517485291364239,0.038542378688649195,-0.033770996953947516,0.041028442045000973,0.02022428436308454
50725.469,0.011584239840002565,0.12621376149850622,0.030461854365046954,-0.02210322137606178,0.06495189110108693,0.03492811034775535
50726.084,0.009785884878248968,0.12188144734562899,0.03154813398857591,-0.018574103704243422,0.07050690995735887,0.03406870148105575
50728.246,0.008503391136611688,0.14306162337933034,0.020473297598478716,0.017439771409538254,0.07847556207063262,0.03114477157220571
50756.136,0.0061896643866597625,0.0475714204524032,0.301358327470574,-0.052584138791733334,0.020696465805524693,0.0007833210191463074
50760.091,0.004373518155012462,-0.001960822216329287,0.39687918583281806,0.023652792785828252,0.08625470550039772,0.023042591327380697
50762.148,0.003726218910340213,-0.01785550840111322,0.35574992986580867,0.02083591099522475,0.020375899093399923,0.05347773602475273
50765.181,0.003994390870752612,0.03391960910245157,0.4497962968128897,0.02159816080860697,0.04067709110104711,0.04881262899706767
50769.211,0.005974579991317836,0.03446189458445349,0.4035256973931376,0.036706233888695275,-0.03490558671605919,0.025433371034325282
50786.16,0.0031680127853593904,0.013962028974499767,0.417617401710891,0.031860753062285745,0.06600854986668232,-0.002905653441092795
50790.07,0.003154914043101645,-0.036347330197628744,0.37542864794216535,0.049001377279717054,0.09924282471566266,0.0575204658336773
50793.22,0.0034776202013000585,0.011630759719765443,0.4324764118711947,0.05135941177297584,0.08912372432627613,0.02809554969628945
50796.082,0.005188551015895453,-0.04051422283311622,0.41343917696321414,0.03859484949039477,0.029793289501655957,0.0037071323675510856
50797.137,0.00323614680660606,-0.043905497518450104,0.38813507087254734,0.053044980282080705,0.02010592502977901,0.008013646314092493
50801.098,0.0032532953805622378,-0.03558733554955516,0.32198418943549545,0.07761342208484585,0.0038570426797263904,0.04532346806583086
50803.191,0.003703213845258426,-0.02931125513214473,0.3401525614345845,0.11231540329243916,0.05774268575858174,0.05518845773389773
50804.035,0.0028706262036223046,-0.06692777841416747,0.35902216797167813,0.08815394753074525,0.04315168542433123,0.03650572804122532
50818.905,0.0037071303294869723,-0.03567323319138396,0.31529942154459156,0.05951395720216135,-0.004983796512978298,0.004327342610279877
50822.005,0.004941764538150436,-0.04629697610829933,0.2901820278633143,0.14004953215343613,0.07738662093417602,0.025041510968555954
50825.23,0.011509690679444476,-0.025695894958975344,0.2877060284321721,0.07055984194247525,0.06534530129707868,0.04839424665594968
50830.907,0.00620687869386753,-0.10178250098392569,0.22388750373599958,0.0422684682140217,0.07142401629063193,0.06746906577062788
50831.966,0.008636554308160266,-0.08078195360125516,0.2174808521425053,0.03478456519369799,0.07204893483380251,0.0535694348810246
50835.978,0.004681803816702549,-0.07259876652051797,0.21764564543658443,0.06483609311975096,0.09179021925736028,0.011481017967445507
50842.161,0.007441604007353393,-0.05681170919842399,0.13964040872936387,0.1274239195558836,0.057096113700194406,0.08666008452330767
50845.116,0.0041802920244708745,-0.0027675304468122164,0.11791947929220858,0.16685603733500506,0.08737565304724526,0.07966086120373127
50848.888,0.004193221997568548,-0.0017204574447890024,0.1540882530493928,0.14332089750943722,-0.00995359511203047,0.0034756136283235566
50851.844,0.004260773321085875,-0.07298039310882407,0.1560469025361737,0.13212158875363622,-0.035873276027478404,-0.0010004247143762064
50856.929,0.004239484039445158,-0.07607770009707142,0.13684230386588855,0.10066267708701229,-0.03394661200642831,0.018305384224476237
50859.94,0.004267161157911527,-0.048097955482969135,0.1273844581538527,0.0697812275508157,-0.10109333069307952,-0.021901231641081122
50870.923,0.005836728615451229,-0.1003269436364208,0.06845698988013696,0.10057117269191918,-0.07838260527260359,0.014562428963948725
50873.914,0.005201189676176048,-0.06742052817394115,0.06188402250307247,0.09686288043449569,-0.030506266001872742,0.01790609508307503
50875.828,0.00480905479348442,-0.10932178708104881,0.04668248455514258,0.05081201299026507,-0.09805718810860321,-0.019686606075003107
50878.76,0.005358476290687454,-0.1109519961185911,0.08795757544361771,0.0999773162173457,-0.06376205890003055,-0.03162356947779267
50882.725,0.004974331376044529,-0.08674181521478913,0.10108736821814654,0.07193935729002034,-0.07816956158198328,-0.044893869688648516
50902.871,0.007110598510246905,-0.019103820635163953,0.034839648151593405,0.08829157945255468,-0.12268699297533742,-0.032712707751841076
50905.825,0.00458769801164264,-0.011815362008100651,0.06055507388947656,0.06338409689373305,-0.1400738939820635,-0.03414881493887644
50911.494,0.00687550326544423,-0.04003472134764412,-0.025866241666835862,0.1390239791876156,-0.1864886519740839,-0.07434837365352553
50928.548,0.005057238808943417,0.01195349798643492,0.04597945704831944,0.1801853429992682,0.016580983586859464,-0.05109010439857349
50936.796,0.031100232206872847,-0.017209988405872748,0.07029047640805747,0.11728982058378255,-0.05868258394940904,-0.024055976529849712
50941.876,0.008850405405986833,-0.009531478451656455,0.0627310763473232,0.08716454711035325,-0.09512816457418827,-0.0037660099769334706
50947.71,0.0061465950087468395,0.0072937560127754805,0.017350120489015443,0.1764185725406125,-0.030920321340586393,-0.0164274817156601
50948.758,0.006363523851347906,0.012888864634893252,0.0237978164653697,0.2294544176948936,0.010871978775670484,-0.003862064836392749
50958.494,0.006836837143099671,0.03651754398160889,0.04496464207957042,0.14275051874959827,-0.07994334139608826,-0.050186433368982604
50959.516,0.006010362027197695,0.010460544181025745,0.06066208605040618,0.09142190606167264,-0.07484391507823338,-0.05498628145492335
50962.575,0.007080465928042837,0.02670126715484984,0.03133432141683273,0.11946893912326687,-0.04232192276174183,0.006765198107220722
50965.607,0.006901275926857241,0.044313530990282665,0.011910668667827827,0.15591706037228217,-0.02443349545875584,0.028353899487501163
51012.284,0.0065833956731125185,0.07672859680161455,0.10111290054050659,0.1002264322279279,-0.00569890585609921,0.03454201000806313
51013.215,0.008344285319749557,0.0874625920507191,0.12577738394738858,0.07175765336483264,-0.004689651649638618,0.03945819626925948
51020.26,0.012047590557408514,0.12638839478226532,0.1810511812027938,-0.0016637376725919225,0.00227991209432939,-0.04781471225503439
51024.228,0.007994804362646333,0.14343997737362735,0.21675857108384747,-0.017316364437077156,-0.0317978432553321,-0.09883676711833854
51032.263,0.006551070084574391,0.06659138623989024,0.1862576071252592,0.018261614378779545,-0.06491249868290849,-0.07066789140287817
51040.175,0.009796209836090747,0.09322120692439054,0.037025745811931854,0.13125882880934092,-0.003230725148171825,0.013652233547075163
51060.22,0.005594057459995227,0.02195531580798816,0.0673337595846044,0.133433949144499,0.004879352389888387,0.013887656984767079
51063.366,0.004838991580623105,0.02031756615374674,0.12373791342843946,0.056112391016787,0.0006151863688606957,-0.015189450535891966
51069.503,0.006749181224997616,0.034192616749840414,0.07071810824127517,0.12476203587491108,0.01276804654628846,0.01703029686862568
51074.484,0.007257963760362145,0.021070443923052448,0.09501205402514529,0.15718152872928812,0.00549720832956285,0.022737940173732537
51078.368,0.005512816159631992,-0.08853411455767567,0.17140244022132098,0.028939527680966668,-0.061073656876405695,-0.020075276646316188
51086.139,0.005705009334094068,-0.04604757845139912,0.0902059273849781,0.02624321484105193,-0.0718396637682899,0.004538323193075219
51089.177,0.006427861416002185,-0.07095240602741971,0.13321579639478265,0.0010498038238433232,-0.055191030118409916,-0.017215629661509583
51091.235,0.006436260880905889,-0.020570216052579377,0.10401677335168058,0.02477705248104372,-0.0007772537567044919,-0.031832504329357164
51092.271,0.005466365277771873,-0.01556316864587801,0.06588085524872317,0.057154240058016954,-0.00483610336464396,0.008435274728734439
51093.28,0.006571785784798739,-0.056049832252965656,0.04675554642289083,0.0666767637441217,-0.031741868679514736,0.0036571059056379088
51094.307,0.006719288522533946,-0.08062270335204431,0.04322864653310109,0.10079803978870584,-0.04670178401781085,0.003493233919979345
51097.307,0.00630928728466181,-0.10233191688889556,0.05327711580319076,0.11141541294439085,-0.08532151748854437,-0.03323530926183173
51108.118,0.00534456937639303,-0.07549742261440806,0.06233642083391032,0.2082570516042351,0.08273146982519922,-0.05558571051887012
51113.989,0.020548229966038053,-0.12486636277280566,0.10415494795867553,0.12385117307893051,0.03808943358285222,0.003088127433653828
51117.018,0.00747651879728089,-0.14388323875106282,0.12011023437144774,0.08559389774976746,-0.008644332441544438,0.0068028067511683825
51120.111,0.008507272673428523,-0.17163899181331735,0.056097668397848854,0.0765564704293713,-0.06979906074959287,0.01848508488392046
51121.254,0.009809191470229133,-0.18671977962952482,0.08838294771009719,0.10717142554443876,-0.08404342384770616,-0.004888923951903835
51122.311,0.009462722908013532,-0.1885287442097666,0.10954589622617708,0.11640898532344826,-0.085333976461531,-0.021044959719302835
51127.196,0.00602988919417695,-0.22808970818618773,0.07416122959289081,0.1444351549906697,-0.023207539585443377,-0.01112986896033972
51133.195,0.005468263949432037,-0.19109292249833854,0.04396793091289786,0.15094666679842175,-0.07257394180343939,-0.019717851956720708
51136.132,0.005224433809909391,-0.17724205909182106,0.08390007717262564,0.03911624810733592,-0.012755165403778048,0.017257321776411972
51140.339,0.016712651345026832,-0.16273782867124417,0.1042232903478639,0.036003298034590445,-0.07817308306481516,0.00426409714069525
51149.007,0.0058131488510168835,-0.14657836718077072,0.024380250956855733,0.08708310625442366,-0.11017317222283492,0.026366665209178
51153.163,0.005757459623879072,-0.13062818422608527,-0.05083768252559769,0.21379413803778596,-0.06458139440881983,-0.0060623680659835835
51183.978,0.007271479970235082,-0.09672574392389,0.009706048931198509,0.07017720903872478,-0.08307523057591742,0.003736421452221451
51187.973,0.005814259706812455,-0.14704798166233105,0.02883985157561498,0.1580899344400892,-0.06332254140088957,-0.0062775333996344905
51189.022,0.005123740166343725,-0.14034921074909862,0.026309230941450712,0.18820979398990742,-0.01870105217731692,-0.013405663953034918
51212.666,0.012555858205712018,0.02235280582727544,0.06751608526761277,0.25865412815236455,0.027512413649404186,-0.015333403416664362
51228.83,0.0057232130645133,0.009481748014246002,0.054100461032562025,0.19381298576259362,-0.07746673350258323,0.03766337497376038
51230.96,0.008215263584256978,-0.03214031260503801,0.09096527946244826,0.15939058550619117,-0.07324647991083523,0.023949251002158105
51237.805,0.00456080223794317,-0.0653347595094369,0.025898224959725068,0.053038586359727545,-0.06412972155882005,0.03089266693688165
51239.904,0.006526564901910998,-0.07345526226493704,-0.02893037826655824,0.08598471674511254,-0.07511130313011856,0.04096940980674593
51243.805,0.0051905191413231305,-0.10125824920220533,0.03647216593631274,0.06312367808345681,-0.09540782666415787,-0.0024011560286848273
51249.657,0.007860047406509103,-0.12357838107906549,0.08706023025055817,0.04822179723059069,-0.0639463107115226,-0.0564907712940639
51252.86,0.0057889020561536445,-0.11929584616696923,0.05833230546337429,0.09323896306416861,-0.08334452206770397,-0.016996758999932332
51255.686,0.006291339817994647,-0.12272426156225841,0.06617645710523123,0.05432721557197098,-0.13473470978043267,-0.005339013341440926
51258.698,0.006354476644476646,-0.06461449234389932,0.06680018944101676,0.11118241679199801,-0.005407174724075083,0.014817155323307452
51260.767,0.006473545419758947,-0.058631611360272964,0.0826425067331863,0.12832953676413547,0.011541208421777485,-0.009585883910926768
51271.695,0.005543114848615472,-0.09033094693042894,0.13234404335834896,0.07818327731857386,0.02925859200821334,0.0009259562733195058
51281.731,0.006208000369296388,-0.012158967597028884,0.03183590610728002,0.20064541359708277,0.03236570611698377,0.009882485794863536
51286.786,0.005912000551274407,-0.0162795160469203,0.11929942227865767,0.07733364021759907,-0.009747741357293359,-0.03850612925950169
51304.562,0.00774852053076879,-0.039499557813396424,7.224794836916543e-05,0.15655362145246404,-0.1528816645519066,-0.10154903616610494
51306.765,0.00556638830275352,-0.048157137212821055,-0.015891364309570832,0.22401905705907296,-0.15618462409061823,-0.12924861171882537
51364.648,0.03728929920773615,-0.003654086087372291,0.07973123675287057,0.06201581748478981,-0.1481892959983698,-0.13891809332931762
51365.724,0.027485472170747167,-0.0048583577454813405,0.0803832191287717,0.0572316864890852,-0.15102434215761795,-0.1362795662461519
51366.55,0.028216110801476155,-0.006001355472505212,0.07847674065452075,0.06587354826999742,-0.14649645357321625,-0.13421793854693953
51367.554,0.048455609809714736,-0.0034694270584265073,0.08051229204544573,0.0843844631840749,-0.12729166436725575,-0.1341454085587739
51367.642,0.021815417673983383,-0.0031137387851275147,0.08077210815324476,0.0859932146736943,-0.12540774560177084,-0.13385004181151833
51368.548,0.03578818646844899,-0.006495088966897249,0.0778375330679362,0.08709061466629542,-0.10594509300013777,-0.12663445879014065
51369.602,0.042070813235410995,-0.00523313041754336,0.07630059665656322,0.09513042928045146,-0.08202358233084801,-0.12058190314008961
51370.608,0.062278592699704094,-0.0016194092669672856,0.07355866755408472,0.10314984677356201,-0.060250810228370415,-0.11807417117668742
51371.527,0.024598563233473557,0.003888410120930232,0.06891084031489378,0.11105631515343535,-0.0438186328583559,-0.11809692197607459
51372.669,0.030856599813327563,0.010731159918436501,0.06810308999194911,0.11633357747255117,-0.03045745749589745,-0.10865584679341676
51372.73,0.03251041041037164,0.01112354652612353,0.0673637128281224,0.11715160858671626,-0.029876339120618337,-0.10765605382193288
51373.619,0.02671335160658906,0.010809662614826063,0.06314388202335468,0.12395605308608514,-0.018199583570847538,-0.09397952996001244
51374.604,0.03377331269739052,0.006071806711816263,0.055369338830573586,0.13289208553015475,-0.013360014986670374,-0.0741917698199111
51375.708,0.06237057265857365,0.0032813363024001597,0.0465988936200057,0.13893936895864034,-0.012222884651639586,-0.0645326717667367
51376.337,0.031190424088839153,-0.0016989403434288213,0.04274105879501239,0.1399162760278334,-0.012616339708658171,-0.06061243203531493
51377.333,0.033773303364984054,-0.007536138790735853,0.03783115685350073,0.12803041828495373,-0.013100417940068203,-0.05285675956529494
51378.483,0.03780256915887271,-0.01547526796697967,0.028292786344281454,0.1169286510520498,-0.018818434527426715,-0.042139066056405786
51379.48,0.04355619805977049,-0.021127268662085825,0.022326028009580303,0.10298652264693052,-0.025677367307390498,-0.03924833612548551
51381.651,0.024646893235393763,-0.03071031769785205,0.0036378966374068337,0.07681630456926303,-0.04098921115552762,-0.030106961205675728
51382.556,0.03708164715249843,-0.032238176950279016,-0.008016423650695652,0.07399575462358925,-0.05083753469960577,-0.02806957189345834
51385.578,0.031071698930251225,-0.0445482655902127,-0.03996845905867249,0.057673023660320254,-0.08380619409064671,-0.020542166624615724
51386.421,0.029825001405067934,-0.05570020419358135,-0.04382629260509032,0.0510004553670422,-0.0832347851207998,-0.013294742336865605
51387.43,0.023773178520336533,-0.06862459503215863,-0.04863743682519155,0.03247877067253796,-0.0866655590738552,0.0003315155060636455
51388.447,0.03545663182707246,-0.07759167966959551,-0.05211592007192314,0.03009757518784469,-0.07422683556926074,0.017193863904321597
51389.425,0.023156755303706388,-0.09335114450236795,-0.055162550678914825,0.03315914324837409,-0.06449470356282934,0.03202182562461408
51390.359,0.0452534007991585,-0.113300890741963,-0.05330206479567729,0.020720656551926255,-0.05249460001082408,0.04555079825820174
51391.316,0.022209937811850655,-0.1304087114521486,-0.05360105470701223,0.007232390490936853,-0.046652294311120626,0.055839539625194196
51391.6,0.03079210948823539,-0.13262648343267297,-0.052115422800545354,0.0030019209429963823,-0.04930364293740455,0.05705414790428279
51392.337,0.03652537748666788,-0.1394630715913125,-0.04672326471883958,0.00024943566801186793,-0.06039362132969015,0.056799326553848464
51393.314,0.04291473633192575,-0.14492485932586366,-0.03372465772691583,-0.0064238728384413985,-0.07175097350926428,0.056519732779687984
51394.441,0.04910158597202876,-0.14943326772110932,-0.025168107052910275,-0.00736319267124987,-0.07975526343390056,0.05835258484176567
51395.482,0.037975538634027174,-0.15303724999856919,-0.014316556888484315,-0.009762514911412227,-0.09271853543036868,0.05634245410479648
51396.462,0.03733861289554872,-0.15995156878358283,-0.004869893387398502,-0.00939771745740095,-0.11175580042260803,0.05441334651360642
51397.564,0.046879628090405745,-0.1585309739959869,0.0002457589795998409,-0.01470514733039275,-0.1337693318547337,0.05417651948992208
51398.436,0.043120010931499586,-0.15725632469100506,0.002779465875738199,-0.025954062003369097,-0.14470168819951976,0.05212010740384691
51399.415,0.03424800674607055,-0.1617065005424739,0.001011467931868553,-0.039936227814969076,-0.15918962160102762,0.04891025273089711
51400.448,0.027490062506197573,-0.1655061288887476,-0.003918898974117936,-0.05692409447191114,-0.1707966597424741,0.05029480898189403
51401.463,0.030844289421021097,-0.1602824446464356,-0.008861377130597009,-0.07250310636564311,-0.17999772198757868,0.04467809309532794
51401.516,0.024043205941835545,-0.15987772398973868,-0.009083989436569552,-0.07314388947192581,-0.18050573183752164,0.04440697444162036
51402.359,0.0516191682134119,-0.1505453609584968,-0.020383086849934715,-0.0717872253686942,-0.17501617099354352,0.04669594161242734
51403.372,0.03046413843056976,-0.13922539884394666,-0.028791749921015027,-0.07283419565020674,-0.1754549831341254,0.04212414978263173
51404.5,0.027332508663884685,-0.12471211997154957,-0.047458193016830706,-0.07458363443431355,-0.18211732390253876,0.039213435477583256
51405.459,0.03646364969772469,-0.116740918476261,-0.0530142504359058,-0.08169724019004418,-0.16993056373828672,0.035592866436440246
51411.226,0.006937613413724506,-0.0846366462016963,-0.0532469836468975,-0.11034610264185635,-0.0964680913260655,0.03145266962756378
51432.442,0.05296858369737976,-0.09426093865660239,-0.030319980466977023,-0.04349660310964201,-0.0010862436409340677,-0.034071506930634474
51433.369,0.06561980297503386,-0.09574500839730837,-0.02798700520472834,-0.041185041390080585,-0.0020749478549331015,-0.035636316438190936
51435.258,0.051339507241115405,-0.09106838539352767,-0.017012775020605178,-0.037460189830643253,0.0025146758234103556,-0.03681798957802082
51439.276,0.00604527682740493,-0.07431926954596982,-0.0027267460744966193,-0.023678786233583934,0.020157024862989013,-0.04218899529627829
51452.155,0.006351644436390435,-0.13638251844963473,-0.014461857011852437,0.04187761111454533,0.0122474199012517,-0.02268452001126712
51463.336,0.006633790033267997,-0.09724135349373865,-0.08442127758070303,0.009201170466507261,0.08532844504162171,-0.07037650264610378
51467.154,0.00664655095452635,-0.10199631075345122,-0.11267848747134385,0.020450358258830736,0.08616778315427291,-0.03948347044454898
51469.351,0.006513415295924513,-0.08791915002580478,-0.1446846222231338,0.07966090441100408,0.09211414543205776,-0.042669962936954756
51475.279,0.005455880400849474,-0.07843412345018264,-0.14185112740733063,-0.034570507288358254,0.05611474873000474,-0.057691886909784516
51502.188,0.0054248676336577885,0.019259881886791647,-0.013924850663653399,-0.09613109101389652,0.06783722492720623,0.03823859353926103
51505.153,0.03196391509368387,0.007826370407593729,-0.08131095849645659,-0.017185126381802862,0.07356279120021149,0.011908050134240901
51505.267,0.007858768290190643,0.008745220103281081,-0.08387151071383278,-0.013426500209020836,0.07344437658551128,0.010869409833207085
51515.093,0.0056233437332444975,0.013480450381592925,-0.06923678004104922,0.020509205366817346,0.1106572902452907,-0.06620164060024245
51540.922,0.005172746263563289,0.039907914748994106,0.04671506296662273,-0.016744484563928696,0.04927638816760247,-0.0729887780404937
51544.882,0.004745742804515958,0.009917365599287653,0.06698382761289687,-0.061102762174119155,-0.018814046655406237,-0.052744368368944486
51562.927,0.004487199359298459,-0.04658724169156403,0.009519026777301601,-0.06508029132531787,-0.06096152578593291,0.017641454509950777
51579.853,0.003857876142616985,0.11258906067448958,-0.01087524322959623,-0.037897495063500194,-0.06253861153824958,-0.03689327926064232
51583.929,0.0037417849091319613,0.031254453868666196,0.002241613310983853,-0.04558988430328927,-0.024933448078880864,0.028679874380702183
51589.83,0.0038134768103509644,0.008034858232126303,-0.04655957472473476,-0.07099350426313922,0.016988762057949247,0.04354293318205544
51595.852,0.0039538308518681595,0.08542273078652994,0.07459012828933766,-0.06553359965766649,-0.004666936541337868,0.02826106823433765
51601.908,0.004053603252070782,0.08148583446705764,0.0947301031956562,-0.05633547434507681,-0.00316796505938051,0.030099436136956547
51606.825,0.004083937822826617,0.14377029617492898,-0.00561771194555892,0.012446628966763046,-0.00563634989288894,0.016366684545190646
51611.763,0.004320876150821614,0.13000378697419457,0.025027532042859946,-0.035292927910705985,-0.06750490429209717,-0.007297880209700253
51614.899,0.009308943514099,0.07621194265267728,0.06267730655340473,-0.05545122618880837,-0.12392983219202541,-0.02313368564254306
51616.753,0.005366325760516806,0.05542797578811269,0.06342205366715062,-0.07659490146029292,-0.05414727115030587,-0.05164356453244379
51621.945,0.0056233092061542716,0.09753745162014596,-0.0026512792175302155,-0.016328758676684207,-0.04476935962302225,-0.052168477610336945
51627.797,0.003954235663430497,0.1830011954480786,-0.037543471242439265,0.04469671237792781,0.0165420567664552,0.016489276500749637
51632.867,0.004527075687260851,0.14881991716184986,0.006429403611511675,-0.06320708836691638,0.05002929999797715,-0.0459060023627565
51641.766,0.004347146718586415,0.12296391541114526,0.0025295154279325084,-0.14217154532811146,-0.0642136162294911,-0.05452503842916431
51669.884,0.007068108456430358,0.0710759823780995,0.0387887469509574,-0.023306196016202173,0.13209272688179294,-0.008263818517520257
51689.742,0.005143188455356765,0.01593632408860089,-0.06662627418410594,-0.02216388294901842,-0.03998864840009821,0.04160030208749659
51693.488,0.005702622230030617,0.0044481094131606285,-0.036721593762680395,-0.006336135388193091,-0.01184709022306616,-0.009452696073932669
51706.712,0.006462121818097848,0.06345311027752899,0.04187292538525745,0.03912806415519371,0.0676396205537448,-0.003305037391953521
51713.706,0.026302595349681497,0.01906787051241712,0.04841050715688067,0.03363120886232503,0.027462381267349144,0.006601039062610224
51805.169,0.007135502129158344,0.019137737217111324,0.007059389133578876,0.005013598511496363,-0.06508051085814277,0.009045785941846273
51814.386,0.006873161326541517,0.05683133982573359,0.019859488271851675,6.086021371654499e-05,-0.10636160376247807,-0.1155396136262657
51817.503,0.009692347875568389,0.00528017816566748,-0.018906736547316574,0.013861867641856821,-0.13831849836059948,-0.08660900042163948
51820.379,0.040180375822676605,0.004217204394269631,-0.05565676200308806,0.036946708052128505,-0.1434408607362835,-0.05483100656357794
51823.315,0.041157925042677644,-0.004063591964235334,-0.07751881246783038,0.0498558733547402,-0.1079597421843397,-0.028322583004406834
51827.285,0.006229141616485585,-0.0031151700385951015,-0.08980849126427864,0.06927438390258527,-0.032663282188495533,0.01278479275506618
51843.234,0.010859339451303998,-0.06709999079276571,-0.04612516690559238,-0.05678195489453205,-0.052879539059955794,-0.07941779604325942
51849.991,0.006577728306168863,-0.043591644747904126,-0.07056626679636271,-0.10451006609173989,0.021337672673876276,-0.08651538218627011
51857.1,0.005581157148806399,-0.06732594659669781,-0.01921618775093381,-0.01977986539422497,0.04907008738391274,-0.04724445765461276
51871.097,0.005079220862755216,-0.1326692849930308,0.03836436428036893,-0.11957415347974641,0.052891173171583886,0.019946535416696956
51899.174,0.0052775346206941215,0.008309479475310013,-0.055522188663000814,-0.08832979177815317,-0.012160877286122668,0.012006736543286758
51903.963,0.00602343558770582,-0.0152670974131636,-0.07317650869608427,-0.061154073267853125,-0.002781027922079542,-0.010216447960553036
51908.137,0.0053645823104826055,0.07960492950015272,-0.07421489968449807,-0.029155159972754106,0.013203153722052958,0.003744364307016883
51911.131,0.005261479803892006,0.11323710135024596,-0.016937042162333195,-0.026545352391476047,0.03512375475568059,0.0025694844197890264
51928.974,0.004910597838837083,0.10050888929655256,0.022434973547944388,-0.057406595077451876,0.003757041993153305,-0.09662032033382778
51954.05,0.005808412393795933,0.10821799686972437,0.10818589072385676,-0.05483286410105445,0.030659222715671074,-0.028369997806774287
51965.008,0.005065165243035035,0.17704087387904627,0.039873567898330006,-0.010362498692720545,-0.029247372196068135,-0.05687168202782008
51970.761,0.0047869710098980955,0.16923404895050131,-0.00452588891264144,-0.039976834159980455,0.08999333847462004,0.012133007296730697
51980.655,0.005525681517538794,0.07550757404037395,0.04505134533019106,-0.12010103872801502,0.11352341902040562,-0.028165261858241534
52080.74,0.012567326363016414,0.2839688486456641,-0.048827151885726706,0.091532836798298,0.007430045061692496,0.0998817697241751
52081.652,0.014325268062883523,0.2995865192798029,-0.05295955143243027,0.1007472706903632,-0.007520589253980521,0.0910557410724391
52084.644,0.012458276115205705,0.32293675600367394,-0.06345077864747034,0.07211122226345398,-0.020370520666429356,0.03266371867112901
52085.642,0.015056735680503539,0.32713562888565684,-0.06869640652177544,0.0508285127561937,-0.03765595140877532,0.01951342575945255
52087.638,0.014588009289083872,0.32641589162370244,-0.06716596093160751,0.043255450872503404,-0.026434442655830122,0.007092109363644985
52088.636,0.015235872478126194,0.3233079932654904,-0.0641522113295343,0.0388422871999074,-0.02157597118034563,-0.009548476038595393
52092.623,0.015246529148107748,0.3675273761275769,-0.024725492184471988,-0.007135171045593818,-0.054553288374695356,-0.07399473531345052
52093.596,0.02622653229442962,0.3730821128546968,-0.02605450340636955,0.0068604546885329245,-0.0581557825940087,-0.07491227441556214
52094.617,0.014534403147226616,0.3732578609838725,-0.02552684273196959,0.01219205876622714,-0.061383285571416375,-0.06675766804231706
52095.616,0.016802795091977206,0.3681646459553737,-0.03102563609880389,0.015685084796016036,-0.056823203652285964,-0.06834131775341189
52102.597,0.018427381976979452,0.33393007082094267,-0.028839782187860208,-0.023476026982375484,-0.06962990081311485,0.0009288191401159523
52109.611,0.02637791770808934,0.3162494287960912,-0.012057084503761382,-0.041724802670519284,-0.09354777421533746,0.06009595005278714
52110.574,0.015955180461022036,0.31362158756443076,-0.006711511597069071,-0.04174477808677777,-0.09678904618011226,0.06286071506307662
52114.564,0.018613969617862634,0.2772369663614707,-0.003954336363385866,-0.015429841245706826,-0.06686639379533495,0.07297316767230416
52115.561,0.02666033651049359,0.2609482540707767,-0.009413084760513966,0.007440836614089579,-0.05561252394979372,0.07630787847265927
52116.558,0.07892503635091354,0.24433249610132823,-0.0094788744216798,0.024540621878264914,-0.03498824120203179,0.0816474598890211
52117.555,0.013488067861998554,0.22959676632481404,-0.0094585195764419,0.043138742450623095,-0.01757261015569401,0.08435819032990217
52122.54,0.022644315407039598,0.15450910975172494,0.005823206084467018,0.07977721739639858,0.07037118662433549,-9.79796447857801e-05
52123.537,0.015165857441144345,0.13671817800538671,0.006222091147030505,0.07745767060241669,0.07922628573479833,-0.014376767182931516
52124.536,0.018048818908004798,0.12431832400678614,0.01526675966615424,0.07165540050335685,0.09598252147796527,-0.028564552757561347
52128.539,0.02355527403280274,0.07232675696017218,0.009144936241406106,0.03370734817695898,0.1706410421777897,-0.042763193107002384
52129.521,0.018851641736918223,0.0690400241573844,0.0011424979346805648,0.04702466056587045,0.20036806493274553,-0.041287380146512745
52131.516,0.015533907809438858,0.06681583297960941,-0.0020902646591510823,0.0398410439612952,0.21939053280644355,-0.05441074521755877
52135.505,0.025182980636476112,0.088369436568916,-0.047843382345956274,0.06795004292274548,0.23056471100459677,-0.03413552052812408
52137.5,0.02301206373642217,0.06550718244776825,-0.041803523378887826,0.07037803051527525,0.21301006374551731,-0.02935360748400605
52138.497,0.017615921435286702,0.0534320541673686,-0.03828016815009035,0.06923690101259326,0.20000776145130653,-0.022084124081558985
52153.456,0.016451721006101375,-0.03373611746480476,-0.03521304000782586,0.09347253536888764,0.018399131734523753,0.09295972990319389
52154.453,0.016267408623027533,-0.03426542980972756,-0.0276611823933037,0.08522161291702124,0.004460219258043045,0.09237666883748387
52157.446,0.01539174838797515,-0.012813821589561673,-0.018194129592546494,0.05095683066003668,-0.019032067924209327,0.0986537823043543
52158.446,0.017864480431917806,0.000870242814026664,-0.020880361633044728,0.0678593906541416,-0.023632103200596204,0.09310129983542803
52159.44,0.013480779887619783,0.012868875308797496,-0.016789350044069333,0.08170528953052708,-0.037002663292502395,0.08441187481412685
52173.401,0.01926253502861709,-0.004958816141629841,-0.06194976805437546,0.05496994098606752,-0.0663833578981606,-0.06209946583108467
52179.386,0.020229126922817826,0.004191743081028978,-0.036407610907801154,0.09723850662472032,-0.02765148600322901,-0.07866545815638491
52193.349,0.01920395751561219,0.07999477523200198,0.0075514893205991945,0.05136127542248094,0.08612299385850757,-0.009816953223059482
52200.329,0.025284939413520762,0.030935677787632097,-0.013569703201330718,0.005417970544731047,0.04084122794622538,-0.010439157032612986
52240.168,0.0459048094315754,-0.10903081507323999,-0.09943296985715258,0.00917304911940095,0.07884183474413385,0.01415285512964454
52242.163,0.04038636495639199,-0.1134154577602859,-0.10386546323546927,0.00908053738226295,0.08651946085582266,0.016483898170107286
52243.159,0.03897624074118801,-0.11568409871985355,-0.10969281929256319,0.011804511459570049,0.08729319560149718,0.019466806837340502
52244.157,0.02969668697518329,-0.12101797679294521,-0.11074409400515595,0.015268653930153895,0.08699995829418576,0.013146331175967935
52245.153,0.031366340335732164,-0.11670832996017419,-0.11198810984766389,0.013137995627901484,0.08047069166091908,0.003632830228051855
52246.15,0.04202171508734994,-0.11873163296408759,-0.11447717978677402,0.005613558535222709,0.07620845048313026,-0.005635775000668461
52248.146,0.03853663487447211,-0.124175807407196,-0.10727306295553049,-0.00804280864782662,0.06043037167579012,-0.02933323992042722
52249.142,0.03612790117069003,-0.13086387539940772,-0.09659473494737372,-0.015534208536123004,0.05297777959658974,-0.04185878749562862
52250.139,0.014002651972160237,-0.13604303867616302,-0.08661654446623801,-0.02543984041181725,0.04119320625481492,-0.04893359508615906
52251.137,0.011719755843496115,-0.14860747563837964,-0.06785375103366359,-0.0807801485943813,0.0032456210999520646,-0.06207697392638283
52252.135,0.012393806501129213,-0.15064133549941852,-0.049462291848263513,-0.10485879920750585,-0.02359225242285299,-0.06720934018245339
52253.131,0.013108423680183614,-0.1388997679323026,-0.02504588309039687,-0.11575270497535463,-0.045427087785713034,-0.08271666896351441
52254.126,0.019036514339170484,-0.12134512513031653,-0.01012969726240072,-0.10734280711541419,-0.040030941901411134,-0.08344974528644954
52255.127,0.008564999118568402,-0.09677281760731503,0.007761180705980853,-0.10555712788099327,-0.03721479699210419,-0.08596039576314546
52256.124,0.01138686062698194,-0.0748786617459848,0.02710564549280718,-0.09912853849759526,-0.031253583055426894,-0.0802290030834419
52257.122,0.011597858234937228,-0.05604186250084668,0.04218210763882645,-0.09315827238608924,-0.026979305174675963,-0.08245902649932843
52258.117,0.011016973064275262,-0.043939404773795876,0.060136257032827135,-0.11333570845523323,-0.02207426739991293,-0.08553082775588958
52259.116,0.011279756488406149,-0.049264375731455826,0.06653407351758268,-0.14656776542823505,-0.03845429232014298,-0.08444930951415111
52260.114,0.009647406606997902,-0.0488605348618663,0.041664303329522534,-0.15029432916586938,-0.032003949699478736,-0.05322765279917115
52261.11,0.011798584613231963,-0.04809124027725091,0.029834724440140938,-0.1404414942616447,-0.02820125729516073,-0.04457563940438494
52272.923,0.007702057861306964,-0.057928212673074284,-0.0936993406500628,-0.002832123531858991,-0.0722507874989317,-0.039445217919153765
52275.136,0.005079715801240046,-0.03436883977702776,-0.04214965282187207,-0.0532754724596063,-0.05738569555035549,-0.10746153588326378
52305.165,0.02570932149303014,-0.09338195502577575,-0.04495165942401962,-0.13459264046181382,-0.05149434280703464,-0.0029591321934160403
52313.831,0.0039836418221042376,-0.10213416160202204,-0.03638192756600767,-0.060709678141171265,0.021500487257963205,-0.041725011368320485
52324.845,0.004937801675475623,-0.10715257197263771,-0.05085841968283506,-0.0638644891812908,-0.017484943885216885,-0.05270155495427004
52348.869,0.015199787357772507,-0.05660941434852167,-0.1463265857992784,0.07072929938067303,-0.07721303546644542,0.048748408887596545
52350.868,0.02019745539858151,-0.056177556138093804,-0.12611753318776409,0.06936699303549287,-0.06879844480984462,0.04291724198516754
52351.861,0.01734320389927613,-0.04895108874294114,-0.11325388125022368,0.0715886379840429,-0.051161707656662954,0.051253314356930736
52352.859,0.014389077884650771,-0.04724084439220835,-0.08723988203416572,0.05982755949321455,-0.039951208804993754,0.0632825756672229
52355.85,0.015565422221068482,-0.04255546513101277,-0.04352011751736234,0.012414679041091371,-0.06443202265362742,0.07321317842589924
52358.843,0.01406112952033634,-0.027117355905064307,-0.055387901122461065,0.06558803705579296,-0.07959114631533273,0.07790192194076173
52446.602,0.028745525336880563,-0.06979673026802613,-0.05164922325182173,0.03115529263832526,-0.018626490716601326,0.09781620966473385
52447.598,0.02576509257410366,-0.06621044870928344,-0.05771187486559707,0.04736063239392351,-0.03321552488952029,0.09410414443143049
52448.597,0.02678711467314759,-0.06345919290226414,-0.054872017842925815,0.05486987117457416,-0.03336246885783425,0.09945196366126387
52449.595,0.022022823170635947,-0.062095153683956725,-0.05228850010934353,0.05604276011443545,-0.026421922195706195,0.10602956307848739
52450.591,0.021980827042665484,-0.061609018583217504,-0.05075343073287044,0.0561025896660113,-0.021066531550140724,0.10474213078521473
52451.589,0.024620593450520735,-0.06582858530407051,-0.058399897469882035,0.06245065007375484,-0.006939121240707114,0.09921425821504662
52455.572,0.02846968091325151,-0.08108456695985083,-0.055950763041435654,0.04228718451129016,0.027355297438333252,0.0911893935613923
52456.575,0.02520533480002312,-0.08702677906004715,-0.0580950722088343,0.03598254939499048,0.03865253765501522,0.09103129705092396
52457.571,0.02268762345737513,-0.08790492045429005,-0.05797101134119779,0.03767915186406065,0.04805361139419259,0.094978482273065
52461.561,0.04036900191653154,-0.08161539490261507,-0.04348679309262974,0.04349700646843151,0.1092159639966786,0.0893271997171751
52462.558,0.02679375489740631,-0.08238841303255304,-0.038135347320572256,0.03979553549696801,0.11856345131863187,0.08654186803772933
52463.553,0.039399771600790466,-0.07547149894372442,-0.03681027355876807,0.03724085495599771,0.1177793642139338,0.07803411300648155
52464.553,0.030310120143381046,-0.06818506113940503,-0.03923538620969207,0.03676636605875073,0.11544632431022088,0.07089563732776413
52465.55,0.02546327551304289,-0.057446521619838695,-0.03734365899889617,0.031076611688510142,0.10400205646597498,0.06319602857336332
52466.546,0.02453857798434401,-0.043617239703043986,-0.03388286745275224,0.016396401016858197,0.09575678752969716,0.06262877794811543
52471.534,0.03797915283138217,-0.027400684968293332,-0.019831429707790144,-0.04891458211575289,-0.02438839378803156,0.08749444642704965
52472.558,0.05250300339912437,-0.025874582063752528,-0.019875504826111633,-0.056603681930651926,-0.04260732939450915,0.09724175519052591
52473.529,0.02167883315754366,-0.022833595634800048,-0.01942953267197614,-0.06044260538197368,-0.06032864816751617,0.103738288810217
52474.527,0.02451446247667898,-0.016371036749350656,-0.01882826355389148,-0.06477216859901924,-0.07569425927975859,0.11772598494755004
52475.517,0.023683553041450648,-0.018240978636085273,-0.02131548980521851,-0.07244983760823492,-0.07813277090384567,0.12574783051000285
52479.512,0.027200823024113616,-0.02726246858329551,-0.054089593009926905,-0.09583439950580444,-0.08667651372805858,0.11237295912061174
52480.508,0.03571386157848059,-0.03416356365274295,-0.06121566508807961,-0.09362180707918566,-0.09990835368822763,0.1080947607881027
52481.507,0.029092955629895712,-0.04598574723003461,-0.0680124204907758,-0.09422674722097325,-0.11166104749323753,0.1005413598187208
52482.504,0.025040110715953384,-0.051110282379563665,-0.07691128778814865,-0.09226770799652474,-0.11977900736337072,0.09927860956419107
52485.502,0.02050683485098721,-0.04406209875708411,-0.09876684303569405,-0.09827460359228858,-0.1202076507847249,0.07430235920624642
52486.486,0.0403309145419737,-0.04170974087243047,-0.0860698254075706,-0.10038571934063867,-0.10964206443337438,0.062256125628923305
52492.482,0.056116966857637736,-0.04060109348115405,-0.05262282610892683,-0.07623071197765226,-0.03432020006168373,-0.0061338838650492125
52493.46,0.029231962701860008,-0.04034664428704801,-0.05054769909347958,-0.07021126647886457,-0.01966109061015294,-0.013532895946420867
52498.451,0.02380090786079619,-0.04929938843508978,-0.058580569163337794,-0.0008154115013743219,-0.02256336882166773,-0.018096733910253817
52499.447,0.024634220810259264,-0.0458169576309924,-0.06212265421367474,0.00676929778813522,-0.01078630944310523,-0.009607903583951527
52500.444,0.03797812924959744,-0.042471210875592066,-0.07139958383850997,0.009091650998651748,-0.006820033661904875,0.003381669767937899
52501.441,0.04147525072237949,-0.04016697361351955,-0.08126694619055883,0.007763461365386725,-0.009544896635520762,0.018346267968021683
52507.427,0.024049474196941183,-0.03350601115150101,-0.1243259495934109,0.014976300237846595,-0.03415601908149789,0.0766682020451506
52508.422,0.019932256766818823,-0.039544302880588814,-0.12739268726615727,0.012242482376715685,-0.04046285066927122,0.0829717259099847
52509.42,0.0259619711418968,-0.045651041218809155,-0.12687908169853435,-0.0010523572502994193,-0.0442088020147669,0.09091849342024086
52510.417,0.028276625383033903,-0.0506644086431368,-0.12035801330392826,-0.01944714029129892,-0.04691940545555947,0.08929810195209958
52511.413,0.026980698730838113,-0.05483812719107857,-0.11775109249168725,-0.02537033450423163,-0.03566893120575173,0.09060725577819295
52516.401,0.03819142763137086,-0.0803287287280969,-0.10120805548147874,-0.051440868418312274,-0.008455808032244883,0.08728040322784643
52517.398,0.02292023421733371,-0.09105247657496156,-0.09705855029998325,-0.04967811306967407,-0.005153601943273201,0.09140742430679127
52518.395,0.031232725388676667,-0.09292654666666866,-0.0916207245878971,-0.06363176621691352,-0.008418907313987537,0.0896758252205732
52519.392,0.025599370179354968,-0.09391198170714098,-0.0875169023040043,-0.07472449590980865,-0.009329650787726785,0.09222572831669465
52520.391,0.021713801544250188,-0.09105991311022066,-0.08168629402230745,-0.09062908089586719,-0.007219937513491562,0.08489471575608104
52523.381,0.05093776966235021,-0.09704804186467401,-0.05861410182545652,-0.10209234982522708,0.018844040549365244,0.05678579408677865
52527.358,0.044559001320936424,-0.10939667670172613,-0.026827090424394996,-0.12551620283526888,0.060331937089935235,0.02649551962198204
52527.384,0.03813377640268587,-0.10946673569443845,-0.02649503214081439,-0.12582642941381048,0.060723989759967144,0.02613996958224064
52531.36,0.01872359139064131,-0.10933380279038309,-0.01526447870137481,-0.08239499611711276,0.10741194296785725,0.004945632512067243
52532.357,0.03429260840450677,-0.1039559496221976,-0.0065179221577041785,-0.07365804937660335,0.1206402545510971,0.010457613423260728
52535.349,0.0318120250677615,-0.11016941270697,0.01728128528222307,-0.0467863062206541,0.13906761475780552,0.026346431109147472
52537.343,0.03030085879219645,-0.11873521764591902,0.028950365651266356,-0.04943472503966945,0.14665223259011184,0.029577837062584187
52538.34,0.05309162109861406,-0.11489382980500012,0.027341697316517286,-0.050576028430388484,0.1463129122547795,0.028015046361926588
52539.338,0.029507969289131724,-0.11130256272456095,0.028319931634364835,-0.05231815587748573,0.14696077221952397,0.026475446190090596
52542.33,0.0317738941150085,-0.09409687250718915,0.029737049709129843,-0.03148498403094851,0.14148890265527567,0.012783436665280697
52543.326,0.045714216498838736,-0.09433364951914004,0.029963900660940658,-0.02533782982827532,0.13944481418284022,0.012843129573277969
52544.323,0.0304312901916677,-0.09262636818179316,0.03097518424921459,-0.01903097154319218,0.14083278906665964,0.0069542967574175284
52555.294,0.02753023992666226,-0.07871821657167297,0.06377104301795866,0.031535767038314504,0.14790327886710533,-0.0714891101393226
52556.291,0.025165499109391577,-0.08283006081275775,0.06388783784692995,0.03371711595773236,0.15886114932018872,-0.08075949432620359
52560.28,0.02807424175499233,-0.08517407438617611,0.058444580138072175,0.021413143896574904,0.15666264822526837,-0.09862333500116836
52561.278,0.036722115145488655,-0.08491030606518538,0.05333623596457057,0.014091748080008498,0.1518569049484873,-0.10390360517382084
52562.275,0.034562407373979136,-0.08202705830993336,0.04208195860507932,0.005834487535028126,0.14306075748779656,-0.10132667414870786
52563.271,0.028751013840898666,-0.07709392421982611,0.031886548870066964,0.0007860293211644324,0.13417612958575845,-0.09885376559070123
52564.269,0.02135788991307996,-0.07774847475671719,0.01664544075766976,-0.002208125912065673,0.1185757427016391,-0.09729488406009175
52571.397,0.0062978701776203105,-0.04961325583443339,-0.04562928095717839,-0.010206210931155108,0.04342059772679964,-0.038994563812763214
52576.272,0.005904748709112504,-0.032519073420907665,-0.09434037467799972,-0.01484288089623884,0.011578314616471398,-0.009122002409134404
52579.364,0.0060585463955593,-0.024692858774107772,-0.09553434354859175,0.0032211272932571467,-0.020833814122532473,0.003653229746966569
52585.293,0.006235958904883777,-0.0649204309644531,-0.11104917054660268,0.03799258392918584,-0.06712404700034322,-0.005647879902231619
52589.378,0.007662669656221738,-0.12347761057019857,-0.09398192813173006,0.08730397064276839,-0.09023959903798484,-0.018392066857985497
52597.967,0.005409522505249152,-0.10088069805897723,-0.03856907803528035,-0.01084749327787896,0.010330549954532735,0.0110399726097369
52601.343,0.0076335796817721254,-0.08835377538639885,-0.06755085848614015,-0.02650025687291543,-0.02135733508606974,0.006147473954503406
52606.316,0.0073996849657343685,-0.10104257752825942,-0.05712201610246236,0.039776762926909764,0.0019037430541624855,-0.0018097104860663837
52609.973,0.005896386920081954,-0.10715330727451415,-0.06186580326136228,0.06990538789647259,0.011471476837733151,0.05265084207092126
52612.168,0.00961022837400756,-0.08152087105426024,-0.08003407512697724,0.05897629484529314,0.03171804381402454,0.040173149524867335
52617.11,0.0053949317338629526,-0.07485961691504611,-0.06749549619189413,0.031248571745948535,-0.028795237394508136,0.033611361263941784
52636.128,0.005640074038043022,0.060298937035399194,-0.026542732989855995,-0.08336938137718186,0.039673204470666086,-0.032115285020876176
52659.825,0.007016073240243977,0.008809842534471547,-0.1345109096460905,0.14586407939335766,0.029245535925027537,0.046182610774045174
52689.883,0.007127927421177434,0.034572733100316125,-0.04022674923402012,0.037012196729693525,0.007760539378354626,-0.012526197917084512
52696.829,0.005613384208111317,-0.07431311777006815,-0.05783827859566771,-0.0344204435157727,0.04180108617758853,-0.018638792486653673
52698.666,0.006220862904793135,-0.03906461701514463,-0.05621293779415996,-0.021518733572230643,0.08155873152105325,-0.01628370299871481
52708.657,0.0071014365623637676,-0.08273365837511248,-0.10898540439112805,0.007612571666160555,0.0030972796437460917,-0.039790841169612186
52731.723,0.004496587009182196,-0.0911559074716396,-0.023775785431691746,-0.08378557331499253,-0.022970894504734825,-0.027970315536787933
52743.793,0.004216211361362786,-0.10883720282018283,-0.05316090507183261,-0.09352415001000064,0.013257575429259285,0.015851312900938518
52756.843,0.004517383807169395,-0.02340565591800015,-0.025246105564811043,-0.010854304346327087,0.011572364811416724,-0.09871894725261396
52764.634,0.0050511155363494415,-0.05912663832660729,-0.016569964183091028,-0.007941019678871588,0.02093200142916295,-0.08262837167935586
52766.786,0.005161371125250532,-0.039698736582736385,-0.05161203564643834,-0.025882338213702397,0.025907301065382207,-0.08098055807013134
52771.656,0.006624123448461709,-0.013616953576073353,-0.0792130859208379,-0.004170579410651411,0.06037387703011071,-0.02472198485083574
52772.6,0.00638164445438019,0.0009192578574480151,-0.07216231316641261,0.0031230166186824965,0.041906740795694834,-0.036230372755257235
52778.692,0.004935676773380071,0.0027694877219026142,-0.11167961751827421,0.011813717519479107,0.061875063379120576,-0.06510328786296846
52795.681,0.006777750412705666,-0.0009850232643446363,-0.09439716550405455,0.017111232797436145,-0.04221046585547399,-0.04613631105058755
52797.763,0.005995891795910578,-0.0024862270578307095,-0.10142385442973553,0.009672887318850076,-0.022009479469858956,-0.0313207483728464
52800.64,0.005368688585690318,0.04132399677866819,-0.14422687371835935,0.055769829750661346,-0.07389026511814074,0.012907721120471703
52802.83,0.010709745499148063,0.04365946118549567,-0.09731668921334544,0.005981017201301716,-0.05505152138991056,0.020759571891426732
52811.763,0.005982491616678573,0.044311771072134215,-0.13058133189773005,0.0029454441843352465,-0.02781330248265239,-0.029155725354935155
52815.765,0.006250583633317146,0.06688549741017867,-0.05289978968735908,0.015116270264235603,-0.014935757740242618,0.021232111570467792
52816.779,0.010376801671156993,0.08510375676828844,-0.021302767059797854,0.0072191274551636235,-0.04236838557369552,0.011608947696688476
52824.709,0.005555171796758873,0.19626209086292423,-0.0064221448993334596,-0.02771330367947836,-0.013640338847825662,0.034507500849306004
52835.527,0.01846577635236695,0.05873364654325766,0.019427959065525576,-0.08751670550637175,-0.02638766151417922,0.08095616408729339
52836.524,0.022233150214752286,0.05395884232538062,0.028037940524379114,-0.09064031207456115,-0.022825376828679283,0.08235578001307027
52837.524,0.032877217083342763,0.04779330836376462,0.036404534964196024,-0.08984435241559943,-0.00980847603162224,0.08120859814985117
52838.519,0.01929017376186275,0.03731050887597975,0.053108970257705126,-0.08646255358339783,0.007681729770015528,0.07564617927401632
52841.51,0.02562072999407721,0.05317275320057874,0.062367742465355036,-0.07884608577178634,0.00950234215716457,0.036438697001451435
52842.508,0.02533829402471133,0.05757038565775301,0.06445223984863671,-0.07385747407766308,0.010531970925424076,0.023747533596998403
52843.506,0.022273169504858047,0.06708067366634646,0.056425820170698235,-0.06301505840678609,0.015676469606363947,0.0231182657447295
52847.495,0.026815635672780922,0.08927768906284908,0.0228295202147595,-0.027049765262250523,-0.01307711063251486,0.014432045292715058
52849.489,0.02403651996656662,0.08391792673021067,0.027800292541286246,-0.026474938388429473,-0.018622054694211736,0.003265639913898434
52856.547,0.005209844722509857,0.04503159882746825,-0.044101766537685584,-0.0405511698150107,0.026220022375253515,-0.008239893580993031
52866.441,0.021252992637387336,0.024317956072258944,0.09803823025209332,-0.2341645466740859,-0.03396417193568757,-0.09860604678672126
52867.439,0.029915104661776788,0.032109422726576395,0.09982518154906861,-0.23858250867004077,-0.02824423736050361,-0.1041154690666462
52868.436,0.041706771419003814,0.03983506592110134,0.11182271160898066,-0.237841706058799,-0.0171501169173477,-0.11017520101223477
52869.433,0.022553656859764893,0.044649325252884536,0.12113974498871533,-0.24548257814889543,-0.0070325444974635954,-0.11414000640792143
52870.568,0.005777913316834338,0.05092363615217552,0.1235130088553531,-0.23458233194667913,-0.004091243831212127,-0.12456986911279228
52873.315,0.004188322667910272,0.059591391236496524,0.09425812535660513,-0.1532348127737313,0.03627589505878294,-0.06857801391213948
52878.467,0.004287919441847635,0.07679507891169311,0.04812175729570607,-0.07827251798228244,-0.016562913043906266,0.008279679971406141
52879.462,0.0040917220279160175,0.05686426765738764,0.06759067424164121,-0.09424611127120786,0.007952993304694853,-0.0027227937247674408
52882.479,0.004207986050109255,0.03787618562727822,0.05403058211518284,-0.07715632419269175,-0.006389276272687647,0.03529952611218487
52886.565,0.005505012991243534,0.06847763212924697,0.09951921646801626,-0.1138498569255136,-0.028237202056129694,0.061761408158136806
52899.143,0.005438391693302587,0.1291107164525386,0.12477102275615412,-0.1146390136474779,0.014944921515078681,-0.010809317649162226
52899.18,0.004160235153529629,0.12752105838433875,0.1251611914390902,-0.11571464380382808,0.017225370692809695,-0.010514219966729476
52914.209,0.003497054143023879,0.07760787360511284,0.15389724881527134,-0.04456012730790523,0.032250726412445745,0.03754228083595976
52917.252,0.004552256061751773,0.08045175774281214,0.2084241609804548,-0.08518289205282367,0.050809312605980456,0.03577080046301668
52921.349,0.00513175943941373,0.06021575584282371,0.11921000963979048,-0.09650755694611314,0.04890879466686753,0.05356145984082702
52923.407,0.006066535234551407,0.09563260051079413,0.10295989811182327,-0.07561827227647552,0.033684284661797625,0.05539439098684921
52925.173,0.004843182005048706,0.10479003882748943,0.10344734638676126,-0.05365034954237223,0.011700059499279256,0.03301070068587678
52927.167,0.004675422239414498,0.1064350483752814,0.1299548187852372,-0.04051132317045418,0.05540248635599589,0.028722678658529514
52955.107,0.004006623542574919,0.01307063000590854,0.09242597804397451,-0.0922300116605392,0.002784461188111604,0.04304527706436409
52960.299,0.004856627122430938,0.009997306611425874,0.17768051799786816,-0.08281590125775092,0.04069280117935457,0.051973476176674985
52964.249,0.0045209106257132975,-0.015829152652026446,0.13271069240860725,-0.0407241228698858,0.044497190234260874,0.04395585166003987
52967.068,0.004839003295634087,-0.005958295525727891,0.19195231555959816,-0.09371616386736915,0.03275984283039299,0.0009105313701649304
52978.177,0.007350092693404122,-0.08499901461545688,0.07927824488745407,-0.03072867317976997,0.10570854517706603,0.048514007769078375
52982.987,0.0054809745101561695,-0.018797139626363618,0.07523814382039916,0.004674441445839676,0.02323964684506922,0.07603683203129462
52988.218,0.005189585248749398,0.05651976741637939,0.09682508039101304,-0.01988191399617838,0.033104550767656275,0.057421506782315536
52995.26,0.008469555898446213,-0.04142245223510095,0.10552583358996945,-0.03093381409471037,0.0291846835441841,0.035779184440642965
53007.213,0.005904986600804551,0.007876700223781407,0.10795437373073369,0.032265342332487006,0.1383809068949441,0.046857670160791266
53016.129,0.0065625437001323545,-0.0020083140863073404,0.08005653763058507,0.02356731544992412,0.029401719534900134,0.03225428963845281
53019.152,0.005284765761641273,0.026437618056207073,0.07302176518827692,0.040233001719333535,0.04982713110413703,0.03995519277467518
53025.105,0.006537605753880049,0.05998156144730457,0.10409297876584944,0.020172236263823223,0.1494372090063416,0.018901345451190318
53059.06,0.0054838792804191355,0.009592076848239805,0.03300811098270912,0.08003182075293133,0.05370061202029006,0.05877903689534707
53064.997,0.0052000454321870695,0.041292347032234375,0.07069459155117892,-0.02623182771683273,0.07981502576925013,0.06189336189538756
53068.055,0.0059840035438753604,-0.02653796901301624,0.06327689621022992,-0.015071724782270157,0.12561951091623075,0.04036211124002152
53073.805,0.006171342244001983,-0.006413349849870922,-0.0756855977945701,0.05184891287102675,0.13598657176961385,0.05497192262138597
53078.844,0.005456742771560198,-0.04079709324226162,0.01180418181519332,-0.046479428581273116,0.033131784432375834,0.010567398315046035
53080.769,0.004309486383203903,-0.03193220275361773,0.026359928607422423,-0.05585665889355334,-0.0037933215763839437,0.016214987988773376
53090.73,0.005186803494330229,-0.10323073479406852,0.0581331455583997,-0.0918381200462194,0.06935891687252788,0.022592289524406287
53095.684,0.005073494590738918,-0.10373299218000971,-0.04419439763438273,-0.01391167195549237,0.06314977483641698,0.039751828476996494
53098.965,0.006426281971287277,-0.11623125230823389,-0.03998459145102511,-0.03282381753340445,0.060149384795842156,0.005965934212821603
53102.919,0.005981542275118373,-0.06911905162651621,-0.061081541487945236,-0.04396271248226561,0.0009360576260713351,-0.0016302148313500201
53116.922,0.006536189801922243,-0.10021964362975855,0.007029336217445958,-0.08486907325452328,-0.007703113682836862,0.0021395340363500417
53117.7,0.005229222533015619,-0.07585637610128944,0.0010799317504660358,-0.08223967304032602,-0.025349406528443877,0.0008190521127379893
53120.655,0.005666639219218255,-0.04172840265508941,-0.049424445961260936,-0.09442650639887572,-0.004814679002007345,0.012056199310044046
53153.759,0.0071400111063188556,-0.04411052737959467,-0.008624443314842002,-0.030203948904896038,0.06390522290634708,-0.026492655329558735
53163.669,0.00641619149316463,0.00534349129477662,-0.19236183871260212,0.12944293207626795,0.09847741484780792,-0.015548372867247163
53165.496,0.006577122962111576,0.005251154215901006,-0.12799546448735713,0.08522386403503247,0.055443310063530586,-0.02201196004179921
53173.647,0.00781157475096268,-0.021873369112753237,-0.10029390922071316,0.041282028199463576,-0.042431488070052495,0.07559809658278532
53202.727,0.012023798653763445,0.043021951352900184,-0.03156719309873977,0.002941052545176301,0.013053625518264925,0.055696381947327386
53214.248,0.008869110213366786,-0.034468404612085696,-0.08102117739459086,0.07331788014824356,0.05811390134706189,0.04007993582123864
53225.26,0.005665888580841888,-0.09391578037823292,-0.04529728378269363,0.05571729426318465,0.027287108305506312,-0.05110060169630725
53239.252,0.0056485543805829316,0.046746334574034876,-0.0065580923332316035,0.034983944497819566,0.039869129953619936,-0.023964755850350423
53241.189,0.005341086483546092,0.04940378042382401,0.0511489766943929,-0.04141121455645082,0.04747591636778892,-0.021565699035060653
53245.388,0.0038398619597894415,0.03462280520715764,0.09453837388652497,-0.1317436600558663,0.016840187060692333,0.01173700370942559
53254.305,0.0048756872734398255,-0.006547058139374298,-0.04955021327514488,-0.06579293516011468,0.004966857922572299,0.06954872080467067
53255.224,0.004528629515466744,-0.0035543375355361045,-0.08017192044631363,-0.04936219069036068,-0.018231982289945964,0.08255807280073527
53287.262,0.0054161186450142,-0.09744584471108032,0.03378895949082738,-0.007344440211928214,0.05488154683520245,-0.02066305451362844
53291.286,0.01668880954891917,-0.1633210757589361,-0.0002580813795793821,-0.004648286207810585,0.05940778241849369,-0.02719849167789162
53292.19,0.00529687766119354,-0.1781445316839422,0.004761136491799198,-0.002886766447431236,0.05292197248947511,-0.02598083146728951
53296.383,0.006355757165357846,-0.11982520784895564,0.06811273749720025,-0.002312450050368963,-0.023613571875152537,0.0032993930322828984
53403.02,0.0038934527864544154,0.10694749039894005,-0.020998376635642323,0.00029383395905837283,-0.03629941923993581,0.01808937466198243
53408.828,0.004596242197925221,0.07347553062239515,0.016091196874171623,-0.025425872539738256,0.007756086895578079,0.024748169436208913
53414.842,0.004035897715681187,0.1918094668368858,0.0006607540162209893,-0.026566890979460307,0.01377937443591503,0.0007039989162505706
53419.954,0.0036357633955579303,0.1941688280091889,0.00890847325587137,-0.030561940227176416,0.028373849461729675,-0.0004170030258049571
53425.071,0.004607266451144569,0.1448422558062685,-0.08540859453729446,0.06518998331726028,0.007727175659115057,0.06392897397315087
53428.081,0.005714986097859615,0.15707492890877492,-0.07703347918267742,-0.015771752289660972,-0.012594488136614838,0.0678438145068844
53440.968,0.0037145173894258597,0.23775824526654407,-0.00032030341917748534,-0.04267743189255181,0.029678769304227675,0.028781165920477195
53445.972,0.004294917852108543,0.27583545836674217,0.026668600815000713,-0.08489098693413176,-0.0370761752057029,-0.014324806864118357
53449.71,0.0038872061200272675,0.23929360229912996,-0.06047199926238262,-0.04442376174613793,-0.028761324532998962,-0.03326654452389504
53460.895,0.0036177821711329285,0.2849746960254797,-0.01578169259204236,-0.07609059349304698,-0.019895892822749325,0.009534027534046655
53470.844,0.0035431824424335336,0.2677819170912828,0.027274169119724398,-0.035702228557528214,-0.01485950691501119,-0.025460546994074514
53487.874,0.004342945242098259,0.3177122783973773,-0.01334681999659186,-0.042179991516687394,0.06286762986125893,-5.715867089001398e-05
53494.763,0.0034325208799960497,0.24296970536351334,-0.03188095715844395,-0.03662342537884997,-0.007597128042003483,0.0541117973667592
53501.763,0.003815787664176773,0.318978134324335,-0.03981092150944556,-0.061931838718805136,-0.042685786534112084,0.06141873953793022
53551.693,0.004210862113813378,0.3489892000026857,-0.0319735536700488,0.018275374858675704,0.012141522246107372,-0.09270800229068776
53581.641,0.005959566313356883,0.35182347983319023,-0.13722026015061256,0.05674473637501457,0.027969951079878104,0.07021361425794855
53598.248,0.0053731923341986615,0.25161632932222333,-0.03702618278749297,0.06289999056573113,0.05598005323611766,-0.0011694648437481636
53616.26,0.008953201715028485,0.026040693397047305,-0.1645453301430586,0.24996394147385503,0.0167014866676107,0.00996530379210284
53616.26,0.008953201715028485,0.026040693397047305,-0.1645453301430586,0.24996394147385503,0.0167014866676107,0.00996530379210284
53633.289,0.00619657863898844,-0.05594498601719129,-0.09849776912303715,0.08904846166047573,0.013756238041311774,0.02774660653409412
53636.333,0.03960847779532902,-0.03248785692591741,-0.05216241988078401,0.07976051783203605,0.053812278008152775,0.028974126112889773
53637.332,0.027881282852178058,-0.02327161945872164,-0.0392260275844414,0.08683815482202024,0.06331872306354767,0.03030346901448833
53638.328,0.03077485321698346,-0.00653037425943654,-0.01929205456431756,0.08792814425935262,0.07643161032655504,0.028929980247517455
53639.325,0.041060456650508274,0.005675722679807077,-0.007981912394581278,0.08406256476522021,0.07083140260183801,0.01854421559322588
53641.32,0.031239455013296093,0.02557852604143705,0.003144257187474842,0.07699844398210778,0.05762540521677823,-0.004860001081277895
53642.319,0.024551853259404458,0.033971736432545564,0.007425797592088015,0.0663786505002638,0.057687507205382856,-0.021539236729285812
53643.315,0.025036110497975415,0.04611696274524692,0.003791832741048152,0.07019881823066083,0.05894625754999776,-0.03407266581602633
53644.313,0.05600891973724613,0.04882134164262458,0.004202308813291252,0.06893279033868015,0.06309483577298178,-0.044957098015835854
53645.309,0.02156208785907269,0.05070289317115578,0.0013268306027571473,0.06361487176731077,0.06094106052118394,-0.05010929097519537
53646.307,0.023418355655231062,0.046281844823570034,0.0017908681877473048,0.04853133873138848,0.07178422183502461,-0.04537209822161705
53647.304,0.024216827486695004,0.04050198075133274,-0.003017783925818404,0.04513533234639822,0.08113618443295414,-0.036306908357121394
53648.301,0.03760717629184663,0.038531293456104204,-0.010363465451510748,0.04419648717137674,0.07352582367402365,-0.02977572896211249
53649.299,0.03410018983125983,0.03675835495912301,-0.021674857768321294,0.04644360565885592,0.07608483653741815,-0.02050088685055339
53650.295,0.03197847793531809,0.0306611677716956,-0.02784541513230286,0.04339130304277691,0.08717577470033705,-0.016127365926858036
53651.294,0.025465644767011623,0.023940527232054098,-0.023172719947389814,0.03966048999451485,0.09656916334879713,-0.014135735991244765
53652.29,0.044808413310133265,0.02452752768131624,-0.02257039162462058,0.044955165398307836,0.09111137765946908,-0.01488381607834887
53654.286,0.05593423092446872,0.02215558121370846,-0.01685245422153752,0.047021194932785525,0.09492941315540444,-0.005219074191248594
53668.28,0.010108151376867571,-0.040237139177135284,0.02944658331380684,0.031140854422250213,0.09096308468349092,0.04681644481521683
53680.108,0.007267235570950566,0.002643732743852883,0.0008508339199101468,-0.029155690811572075,0.0776901307479652,0.02357794392556909
53691.152,0.005661329185609967,0.034716391441750746,0.03977432451780836,-0.062329420330454126,-0.012248654281532264,-0.04865490684166947
53695.297,0.009436164499980904,-0.03316850502068089,0.05021519019114848,-0.05354931363563965,-0.004438669541200392,-0.047559890327825226
53700.25,0.007301918514585165,-0.06456062428418224,0.0593316714221957,-0.04562311444222877,-0.04471445638307082,-0.061780110948755566
53727.057,0.004576700481222405,-0.14375848699093602,-0.07598010261920807,-0.004303211489037027,-0.07013875782704923,6.533088111925324e-05
53732.968,0.004591869439943487,-0.13855738107568527,-0.06760145427597075,-0.04596705234430265,0.0037134526120935606,-0.014110646113029634
53740.795,0.007265177805250786,-0.2244676691672222,-0.05347495610129709,-0.0468616273993933,0.019568647301612757,-0.036689515222753134
53747.112,0.004999618654453896,-0.10048919528030535,-0.08811528837669144,-0.033638009363140216,0.08244449104741995,-0.07578023690853311
53749.085,0.004909178693766744,-0.11412730330581396,-0.12693110669003677,-0.03388411504689266,0.05121156034194355,-0.05894354777467164
53756.963,0.005258695217764566,-0.02363430608945097,-0.0579385717377194,0.006106433671981769,0.09634996977482202,-0.015440301298584144
53761.075,0.005844092522957677,-0.08122740943217864,-0.049947532767044354,0.026152625651706306,0.005218339279550974,-2.9551086279735583e-05
53764.094,0.0062333294237260145,-0.06563808503168049,-0.06843719883640326,0.01607422626460559,-0.01721703155174221,0.03604342112977093
53771.823,0.005071245507355422,-0.030694029743900297,-0.1154665555646735,0.09948278514035838,0.043521068743745984,0.023844568034417635
53776.987,0.009425262270370405,-0.0618306962359904,-0.088447124539829,0.014255079765456858,0.000776959457952339,0.009389941913376115
53782.016,0.006384157142515702,-0.0949530985063273,-0.08807095394422115,-0.06438803491390023,-0.011925284462677328,0.018522888821035206
53790.037,0.007281792620146899,-0.09597168976007728,-0.12059177528733783,-0.12507218898833186,-0.05952497092347884,0.014614069664761534
53800.834,0.0056167264766685335,-0.07191550367092049,-0.08788140434118222,-0.0709781742110961,0.06985149045140712,0.04382210230031731
53805.836,0.005115374257460841,-0.11429736685632581,-0.026509750069069735,-0.012172976873017768,0.09789371035340698,0.06505505269336664
53813.997,0.010312365763865922,-0.09204220084424557,-0.11443453502396986,-0.022731760675267103,0.018547292165936095,0.030456233761905375
53819.799,0.004668538021052707,-0.031917649164552614,-0.07028931991939522,0.0041226678555720975,-0.05142882420626437,-0.07334138452786743
53821.94,0.007611947854652555,-0.04775689360352686,-0.08334206377866754,0.009849745314326998,-0.04665873467780626,-0.04441552198830272
53828.808,0.043394713233029514,-0.0895276660435742,-0.08224651365485128,0.05997301754306356,-0.033298320168140064,-0.023391227824607976
53829.804,0.024824032298914306,-0.08771618891486664,-0.08699025717753767,0.06820494202946875,-0.03175459850138899,-0.018951495177584352
53830.801,0.02751966532235004,-0.08744335678702993,-0.08343176682646025,0.0733372294798199,-0.02711854751363619,-0.013108781358481923
53831.799,0.020977403712014845,-0.07678874850645605,-0.08257520494055273,0.08575045783243387,-0.01781053610035333,-0.006712843053275413
53832.796,0.019076943081331666,-0.06309820159307165,-0.09577918659720361,0.09940072143096489,0.004205233903457879,-6.263690194395315e-05
53833.795,0.021130782416315195,-0.057395313643036405,-0.0992371041391405,0.09965179542765416,-0.0017006569533667346,-0.00458054675680139
53834.791,0.02261641082976982,-0.05925476537938559,-0.09851161182208124,0.09454422429577503,0.001850980296287596,-0.010970453771371257
53846.758,0.02362888548964599,-0.04916075748124385,-0.03028562006225622,-0.03238426825406715,-0.03808395450603824,-0.05110162275888091
53847.753,0.030592192213605734,-0.04633931807705194,-0.03616451770662032,-0.03119348226656528,-0.04695167781365468,-0.0535144180300002
53853.752,0.03274616866055484,-0.05680034110734694,-0.007060680402071903,-0.029568578780812288,-0.07705011509483191,-0.08543044364667851
53854.736,0.02513877093696972,-0.05760178113165311,0.0012970578051945784,-0.0339791192821596,-0.08216516076081985,-0.08819394251080491
53865.615,0.005635760614910917,-0.008884557967436063,-0.0014714109940090758,-0.05057621492748179,-0.002188873161133872,-0.05305612764097752
53870.783,0.0047800441931212375,-0.018697597536314968,-0.007193666135747574,-0.023231343186023348,0.01467361992982134,-0.03512782407128016
53878.69,0.004364559547965464,-0.05511119990091458,-0.07299284376844839,-0.044786732317486554,-0.07869379788139012,0.003954928661068471
53898.743,0.0073910503516834425,0.07866184499551315,-0.11473325765958159,0.07818481302669879,-0.01422905817448947,-0.0010085775313589036
53913.71,0.009520639719146694,0.05064199507200065,-0.14298672525532327,0.12749555656277278,0.08164121167498065,0.04346730056965401
53925.51,0.004400260923539698,-0.029420934073309698,-0.11058810308414171,0.034480071576639806,0.009428693988132694,-0.0770878919739603
53953.511,0.007117322016386623,-0.19254848122218107,-0.06243299201241711,-0.020011535542830403,0.057232172712537575,0.012299950585137876
53967.321,0.0061283631168292125,-0.13120558416091216,-0.15195814323651968,-0.08052796111476859,0.014646107899849138,-0.03923552371807328
53992.267,0.006329201301343457,-0.033518096001677766,-0.09349909721461072,-0.0814034492095849,-0.024652343827833618,-0.08068355400049756
54008.11,0.007886060710244407,0.04401720559042875,-0.1480064697887042,-0.0033789760332069343,-0.013204496965953896,-0.003202037844962311
54026.239,0.007472924157073636,-0.08151309226302805,-0.02562168526908925,-0.037907551202725216,-0.022801776112550503,0.0672692430355533
54031.369,0.009637551550759968,-0.0622437207741018,-0.026240516284316943,-0.0010433346580381543,-0.010718791602721295,0.029498665734624892
54039.264,0.007929857783207187,-0.043366941315410495,-0.07237422685855063,0.00965921623306254,0.06197299308943073,-0.010562635580739794
54050.274,0.007488176593693114,-0.08273697829378804,-0.08974887911708024,-0.11185601782360063,-0.021301387535316237,-0.038856462157206784
54059.187,0.007972722384008885,-0.05647931414346635,-0.06451450127896663,-0.08048839121557336,-0.05087594392948338,-0.08204464284821342
54070.191,0.008761145057487164,0.015595994368609045,-0.022630863917598422,-0.09471789394679993,0.038005665281392376,-0.06991867147100615
54078.958,0.00835449221724465,0.0523958881019618,-0.004033358884994738,-0.0926895798435202,0.09646480176069509,-0.035756145287127304
54096.919,0.006209093873899513,0.06298848341192163,0.015849972058758287,-0.05887338490641029,0.033795251487661486,-0.06323619956613283
54110.087,0.006299870971551128,0.0912506927305863,-0.0801266244738029,-0.04341328904756131,0.046104458490696346,0.05264869563584111
54119.839,0.007598469202681126,0.004291644305841495,0.027492858618738254,-0.08276936137550081,0.0775017396417533,0.0512705256093754
54129.123,0.006365448009124203,0.12611803531030108,0.06193519363282352,-3.6490629688790176e-05,0.05527955287330078,-0.011077762936712456
54150.621,0.0539122952612785,0.08515013515551051,0.06771335097678541,-0.015948537928992895,-0.004446060983231946,-0.04601934217789996
54165.806,0.03933435646557284,0.1557855106908855,0.05074948924050762,-0.03956779910699275,0.0032763733535045576,-0.03829394320891609
54169.833,0.04378949072876671,0.17264244143576785,0.07004356828477801,-0.042856948251609475,-0.00898244948073727,-0.05619368639244955
54179.842,0.01843162858497869,0.19865434127916357,0.06916352659966224,-0.06709236973965702,-0.11134233990225093,-0.07840322873970186
54193.797,0.024656855534249022,0.17227538401359838,0.0785255836953796,0.02544578887988733,-0.009213925507923115,-0.05619654704809452
54206.836,0.013657901359781049,0.1223004579193544,-0.01071246948212258,-0.012079379091022073,0.09917152489143843,-0.02277827679209856
54220.776,0.01722119481379328,0.17103812492167259,-0.13493999130606088,0.001477345192026992,-0.024199863991841986,0.028233792007370574
54226.846,0.006846918524433768,0.2146261411664979,-0.15808935112449535,0.023047339865027938,-0.03510884599584855,0.045348808616025374
54238.637,0.006208430751063066,0.1554423809413129,0.018349351716779413,-0.08396225468466498,-0.0077248162556867546,-0.015505824168636882
54243.655,0.0065621190265056735,0.17346484365275017,0.06510294613348355,-0.14135517838691414,-0.047768292200480386,-0.040806924773761674
54279.716,0.008332928196705326,-0.062366962433649725,0.21678211628138427,-0.16140171973160924,0.0064580572815200075,-0.12096716429837291
54295.547,0.00870718541200138,-0.09687691703874757,0.10149743131256433,-0.1686058976233405,-0.00275507965817249,-0.005520333696762475
54303.606,0.007953856161419965,-0.06803030613364723,0.11819708534559331,-0.14361486330790277,0.0325080488387196,-0.05275774865452576
54326.58,0.05159003404966956,-0.06813580731999266,0.04240296204003541,-0.05946585012638566,0.05784608453524051,0.0018234331613464082
54338.244,0.007824209862658726,-0.08236825218591681,0.015390347582735164,0.0026582917678635927,0.06595990574914908,-0.028912260018284515
54350.413,0.0074476269113661125,-0.13022770142085427,0.055829707556156974,-0.0855714083280028,0.044756462682179234,0.03842698664840326
54353.412,0.006229512994547227,-0.10210181212030486,0.13019664483326684,-0.10559438143904509,0.08378053028847395,0.03757258909983965
54357.48,0.009356979206972442,-0.0974688326100466,0.09748289401893123,-0.09303715738245365,0.10697427353080097,0.039917603741938305
54395.329,0.007929225479056926,-0.0019845866306403784,0.013154798998452396,0.05200819771971585,-0.03224238581232381,0.10544122216533686
54401.042,0.009143297100271425,-0.016183242170524192,0.10588655442368075,-0.02960220859194103,-0.00030678213968393566,0.11209890173792422
54408.338,0.009197390094249264,-0.010956013847918417,0.1882344880063175,-0.14255884270205602,-0.05771148796417947,0.07022471204536322
54411.188,0.006990257143502669,0.01140420298291296,0.23132232204272668,-0.1355113821683799,-0.034213233240493454,0.03615669669889652
54422.179,0.008205586329624358,-0.08046218460117459,0.10286404343868932,-0.042054760646065906,-0.008190908069514693,0.1058512565492016
54426.238,0.00767654672526654,-0.04736550396485606,0.07923201451134232,0.0041406926357825625,-0.026825514985323054,0.06063888889148152
54431.299,0.00649579695325065,-0.003319354065888319,0.04066621817367033,-0.05683093368458248,-0.020991077260796385,0.02956149321594487
54437.102,0.0051833180138321855,-0.029276084686386695,0.11781305060468644,-0.0848686093313968,0.002131123690158399,-0.010154797775364844
54441.221,0.007135440638319315,-0.05443834423233865,0.12161710366686776,-0.060885206348033453,0.06774972423912377,-0.033252397013194185
54446.967,0.009423908403262826,-0.08938804661044276,0.0025671046258793975,-0.03074849484147709,0.0025406435011157214,0.015713967509499552
54455.974,0.006318937492821,-0.08920750575513037,-0.03183564559679527,-0.013759317863045208,-0.014059328006988475,0.00687377498997359
54462.978,0.005488008541420254,-0.10638762145635278,-0.035829667363619234,0.012199332252505787,-0.024587408652795947,-0.0061167792123978165
54468.019,0.004926513029112884,-0.09267105454951709,-0.0093835691327998,0.06377834189114276,-0.010472437280536873,-0.054979201536880865
54473.133,0.00572487705716006,-0.04267869940565307,-0.029326484962543427,0.01265437738473926,-0.013093597559934132,-0.10579723313184138
54498.824,0.010095261109028432,-0.05429361645369299,0.025581872961585254,-0.0172955622472117,0.09697031394815499,-0.09592890608932776
54508.881,0.008986049504216156,0.03946365495951948,0.0041530110513753014,0.102542696550341,0.15283368397559377,-0.03521763115914653
54516.792,0.006328412047030691,0.03706409678954403,-0.009453315193087147,0.012219572680033194,0.04443317158275333,-0.012447086768658184
54541.801,0.005997799028786617,-0.04044784823483655,-0.0604442806606452,0.10790345012118402,-0.053117254479692386,-0.059561228671961855
54555.604,0.013518943758906709,-0.09985260361042918,0.11637792451468881,0.03788481811512671,-0.04578830303400384,-0.051309981162789293
54569.779,0.03252111588048458,-0.04544983693342769,-0.004649778147882845,0.07241862137307388,-0.021152917337083358,-0.02942095392932581
54592.841,0.01120400395779798,-0.03261183007340886,-0.09517099140251314,0.06581530163071986,0.027859765322104383,-0.06491378322029931
54617.624,0.009056968588530664,-0.14910115998053694,-0.11188920187816623,0.008142449570593718,0.06595548669730147,0.00685735893465525
54625.799,0.0105338082331004,-0.18211537277515344,-0.07063320996513045,-0.1083767164993584,0.0903414779559821,0.03540198520130182
54635.491,0.007708335969740419,-0.029329514732360094,-0.07292657386935908,0.043838949611502843,0.0753371105307734,0.08091642557963034
54642.553,0.008292639784192776,-0.00590454760394008,-0.18615149203750378,0.0973495671727654,0.061625899274194526,0.06187720958770015
54646.381,0.007997382845704134,-0.02315481294800534,-0.11305813629423034,0.037851657732621516,0.027948025156116035,0.021789659951450043
54655.685,0.009858714363087747,-0.018813375825407194,-0.09141067746845166,0.013138662720508131,0.012350124676824212,0.001238431944554651
54665.281,0.007788019041182753,-0.08088058799924469,-0.04701197151600003,-0.08900139367443337,-0.16095124833384128,0.037074578448294766
54677.191,0.009994871634727813,-0.10550740000565739,0.07435248019567914,-0.1190555875963606,-0.0511957722090282,0.05914782981671182
54690.171,0.008293632027406751,-0.1139716002050222,-0.05838052852894104,-0.038840261041515986,-0.03146743410499341,-0.0647573418815895
54703.446,0.007494617378130082,-0.014562332505668654,-0.07144956250903034,-0.00737438556274636,0.01423526481109753,-0.01834312900825646
54717.305,0.006943177921912662,-0.015215765670951592,-0.12346990937063984,0.020796326478542744,-0.016362766791337222,-0.034600943151405175
54731.213,0.006271044569993998,0.03473969976317626,-0.07662128708039612,0.031450423261468616,-0.023539084124499662,-0.06809925544539092
54741.233,0.006488393719272151,0.07806296449863795,-0.054829171705471254,0.05914765926327757,-0.0239225698377917,-0.07560242951507025
54751.294,0.00802235476452071,0.09572028382757533,-0.024550265963159845,0.008752071473420716,0.03973277725019794,-0.08706772332889237
54769.097,0.007520450326112235,-0.019509717072325815,-0.008526506222549808,0.0349490693849146,0.05067843617271744,-0.011488243035862199
54779.058,0.0074954596163996695,-0.03175083857249281,-0.02796302966580904,-0.0221900248822162,-0.01740984761609828,-0.08460029463110984
54788.222,0.005323018891005692,-0.046465953804838436,-0.11262933153400762,-0.05078760893135516,-0.025240549769363258,-0.014521591426515145
54791.162,0.006574203173218348,-0.02411343472096431,-0.13252430993936481,-0.04008712544073149,-0.04035260232701281,-0.006949600907008515
54801.878,0.007528792442158362,-0.0014207019177299822,-0.1603853808931753,-0.04494868809970386,0.026328168047569375,-0.06399308174087542
54805.219,0.01239210823846071,-0.06064185019679383,-0.11880469575942129,-0.051983764817954914,-0.025268285082934643,-0.09246245051811619
54810.223,0.010046684377872728,-0.09567465877529345,-0.13507425779919136,0.020413526667151707,0.04251907587280535,-0.05874824881675064
54817.976,0.008650861081296531,-0.11634391033723704,-0.06992678891896945,0.021100632122316724,-0.055678845031499044,-0.09857018133075467
54822.987,0.010686321502035854,-0.15139586934236984,-0.059654026464243136,0.03777441979424321,0.0174853480051458,-0.0672282892730888
54830.06,0.006186000833831308,-0.19304085376955976,-0.05610533244177856,0.046252438421234686,0.08640740306711721,-0.0992298351271192
54840.744,0.009516120050080044,-0.17485943535369658,-0.012242805476370314,0.010680565879616837,0.15994781183391393,-0.031695013417687955
54844.021,0.008783105751961576,-0.15083736910952694,-0.0019972293928493257,-0.036247228711773376,0.17973299733943898,-0.053779759509311145
54849.071,0.009067903337769103,-0.14402678305180472,-0.037548482712803026,-0.024608086914574803,0.1011612408213642,-0.04750990444057829
54861.923,0.007416488809212349,-0.11439863199933775,-0.009485490257078212,0.10510466262795008,0.048423435106318746,-0.09615799993135964
54865.652,0.011041284314946068,-0.1302350695316616,0.007226044504734533,0.1097398862882276,0.03276060160485073,-0.07128549928304916
54874.802,0.009102748343537123,-0.06611616249315326,-0.039423473543764305,0.09911356536985125,-0.003971674274551172,0.03744050867784571
54883.704,0.00838190386067227,-0.09274513981085232,-0.07575949569802634,0.0008885012109068824,0.03790075258404305,0.022608646987664714
54891.76,0.016773359031721325,-0.051040877743495666,-0.10198771024215963,0.043472006676750385,0.03728190154304799,0.04847501263722777
54896.631,0.024005138339142473,-0.07511351632118365,-0.08033431641851843,0.04169886591892719,0.02471905623586151,0.01757813701329611
54902.732,0.004863099737117938,-0.0775690700306535,-0.07732151332612253,0.021758313780960395,0.0066494392089754255,-0.029505535044471926
54906.627,0.004894764481381485,-0.05936509348292339,-0.07433070832348906,0.017983061193795336,-0.05317300786568053,-0.04753847473112052
54912.644,0.0036864010298663097,0.013739885735726622,-0.07902407822452892,0.04901364510572796,-0.017232483034481244,0.0024549469985324797
54922.898,0.005304156590455951,0.06916237792558971,-0.10211461682582904,-0.013676463629821181,0.010358614595587474,-0.044604064285538626
54930.794,0.005034236733586601,-0.03195597817726738,-0.05601369563649581,0.03581875212878717,0.022059034639050405,-0.07007646513507655
54941.649,0.004755604436957576,0.00041401869160387697,0.03565138031299101,0.1378580773331363,-0.004595494100561257,-0.0207772042205076
54951.578,0.007065899076764701,0.009446890922099573,-0.0013990936691501352,0.09581980021201737,-0.056301211015036066,-0.0380489480343412
54957.661,0.005579435958110703,0.008993736193394802,-0.08338016677406807,0.05455887188221694,-0.09730625050981066,-0.054397045019428665
54965.73,0.0075714785386307845,0.07912236421858558,-0.13391264464244196,0.13934263157395796,-0.00918879065909856,-0.10453663701194767
54973.562,0.006216626727642905,0.001702220747780498,-0.1969867656812871,0.20308366932280103,0.006248027338739145,-0.021602044547276062
54980.728,0.00811530951498963,-0.026170282134014487,-0.19524069476864545,0.22120009547993044,-0.07335018593891988,-0.025320040828538865
55024.513,0.04153962849974495,-0.04518879897444926,0.0015880229067965455,0.02871974971523345,0.01069231434374768,0.12274631003988813
55037.633,0.017186013517439168,-0.09057247840427007,0.07286676453388005,0.042228006147007745,0.05833703264484332,0.1481292250419439
55052.207,0.021296506762814332,-0.03490573792161501,0.1274764752300971,-0.05249054563238537,-0.01781134653350138,0.21592765202933234
55062.193,0.01765844820533698,0.1021696957477661,0.1426841263557918,-0.047230433150058364,-0.14430916373803854,0.2563649768688776
55070.166,0.017728337510935936,0.08874951698317102,0.07590372316200947,-0.00214181380482716,0.0030694043972412993,0.20252495003427384
55081.224,0.01554560473245323,-0.038127309622054364,0.10063569643265577,-0.10832151668412279,-0.05623193638991548,0.14395564605815409
55092.443,0.012427904520393098,-0.030337628164737323,0.1475529159700638,-0.1699209906892526,-0.06888681903273786,0.10232462223958631
55099.115,0.010932965872358055,0.015884839511349915,0.10551236635672628,-0.18183749559933002,-0.040476595132277964,0.06623706800424246
55107.29,0.011098349660748458,0.02084789200900989,0.08688219426349664,-0.08184963736280022,-0.09713180795422091,0.12234404740054854
55115.176,0.009911861963606277,0.01951955847018567,0.11279445505317282,-0.12727738939278815,-0.05582030263137021,0.04324557522764271
55122.149,0.009080921905993928,0.041490024025152186,0.10123439111710014,-0.02556354788215415,-0.07317872479589463,0.05698164824755328
55132.269,0.012818901376573086,0.17767865965091575,0.10520387907381801,0.03338596409455327,-0.10924984951902472,-0.040078781618621946
55147.332,0.012295210857220998,0.19731388284154508,0.041794695477636375,0.1201430643351637,-0.11623445075533057,-0.04728763037298673
55162.222,0.011454765561833903,0.21434340759744394,0.010186252479376393,0.12368032584428142,-0.008276413705612443,0.04449959297332053
55170.015,0.008831818554708321,0.19907171547641672,0.006211325290322131,0.18050477219029656,-0.01584260455394041,0.03721827606264279
55180.942,0.00967277305753697,0.20117728548324812,-0.0262648371959434,0.17125334251118982,0.016207942818410363,0.012721324400937279
55188.943,0.007675350175130066,0.20168457860135958,-0.004378499151295144,0.058103780027278326,-0.04628618823531354,0.10469868017609721
55195.22,0.0076816832476940605,0.28464512425043115,0.0329016336217336,0.07680674928661711,-0.022774946155587877,0.02005374736117513
55204.16,0.007318853850318788,0.17647738643839506,0.05944811188715522,0.023398168237953525,0.029651092300501957,0.06276662864089523
55214.89,0.009145427570813875,0.2670826527917888,-0.02541449049227649,0.06441760322377023,-0.07479941817672413,0.04332441317472534
55217.985,0.007959911321782386,0.23118985908609752,-0.023990866651605894,0.050464770452068694,-0.1300399254686589,0.06324985158846519
55225.051,0.011164333299425672,0.2119278644121085,-0.008554076773664467,0.0969147431614914,-0.09595882479231499,0.036053801888131856
55231.874,0.00911228025327119,0.24970595836395965,0.01303051259419884,0.15610112424031772,-0.08471823449777066,0.013001654233509272
55238.901,0.01631339416951381,0.26664084091052653,-0.022990680981187582,0.07904520930653004,-0.09619354944696959,0.04321439229892667
55247.867,0.01785956027215273,0.23406492559340128,0.01749861748583454,-0.02074516787884527,-0.0917767902734988,0.09291896016772566
55256.866,0.035656548043715056,0.16749175399216537,0.036058510506892065,-0.010985452559409713,-0.08552272696213449,0.05136971328365638
55285.776,0.029137545079466202,0.03267281915614491,-0.024716718763062674,-0.10822888852578348,-0.1325181896238464,0.08107116260384951
55296.661,0.020676501395530494,0.004819052949901802,-0.024945711401420656,-0.1392585538101208,-0.1086542325076987,0.0941356668966682
55309.754,0.019156579469669918,-0.06782512610204114,-0.05312765027965748,-0.1303793089839372,-0.058207827668383526,0.15017053420611345
55316.758,0.0206599375503018,-0.06505172860439741,0.0014375718162283925,-0.17226625614629337,-0.02455560293588475,0.17271068047634044
55324.64,0.06881479009664214,-0.03929545104915587,-0.0007151829509215238,-0.13151824949283614,-0.004516674097195863,0.13694144456088073
